"Date","Source","Site ID","POC","Daily Max 1-hour NO2 Concentration","UNITS","DAILY_AQI_VALUE","Site Name","DAILY_OBS_COUNT","PERCENT_COMPLETE","AQS_PARAMETER_CODE","AQS_PARAMETER_DESC","CBSA_CODE","CBSA_NAME","STATE_CODE","STATE","COUNTY_CODE","COUNTY","SITE_LATITUDE","SITE_LONGITUDE"
"01/01/2019","AQS","060371302","1","35.6","ppb","33","Compton","24","100.0000","42602","Nitrogen dioxide (NO2)","31080","Los Angeles-Long Beach-Anaheim, CA","06","California","037","Los Angeles","33.9013890008739","-118.205"
"01/02/2019","AQS","060371302","1","37.1","ppb","35","Compton","23","96.0000","42602","Nitrogen dioxide (NO2)","31080","Los Angeles-Long Beach-Anaheim, CA","06","California","037","Los Angeles","33.9013890008739","-118.205"
"01/03/2019","AQS","060371302","1","36.1","ppb","34","Compton","24","100.0000","42602","Nitrogen dioxide (NO2)","31080","Los Angeles-Long Beach-Anaheim, CA","06","California","037","Los Angeles","33.9013890008739","-118.205"
"01/04/2019","AQS","060371302","1","43.2","ppb","41","Compton","24","100.0000","42602","Nitrogen dioxide (NO2)","31080","Los Angeles-Long Beach-Anaheim, CA","06","California","037","Los Angeles","33.9013890008739","-118.205"
"01/05/2019","AQS","060371302","1","38.3","ppb","36","Compton","22","92.0000","42602","Nitrogen dioxide (NO2)","31080","Los Angeles-Long Beach-Anaheim, CA","06","California","037","Los Angeles","33.9013890008739","-118.205"
"01/08/2019","AQS","060371302","1","38.8","ppb","36","Compton","24","100.0000","42602","Nitrogen dioxide (NO2)","31080","Los Angeles-Long Beach-Anaheim, CA","06","California","037","Los Angeles","33.9013890008739","-118.205"
"01/09/2019","AQS","060371302","1","36.7","ppb","34","Compton","24","100.0000","42602","Nitrogen dioxide (NO2)","31080","Los Angeles-Long Beach-Anaheim, CA","06","California","037","Los Angeles","33.9013890008739","-118.205"
"01/10/2019","AQS","060371302","1","33.1","ppb","31","Compton","24","100.0000","42602","Nitrogen dioxide (NO2)","31080","Los Angeles-Long Beach-Anaheim, CA","06","California","037","Los Angeles","33.9013890008739","-118.205"
"01/11/2019","AQS","060371302","1","33","ppb","31","Compton","24","100.0000","42602","Nitrogen dioxide (NO2)","31080","Los Angeles-Long Beach-Anaheim, CA","06","California","037","Los Angeles","33.9013890008739","-118.205"
"01/12/2019","AQS","060371302","1","29.9","ppb","27","Compton","24","100.0000","42602","Nitrogen dioxide (NO2)","31080","Los Angeles-Long Beach-Anaheim, CA","06","California","037","Los Angeles","33.9013890008739","-118.205"
"01/13/2019","AQS","060371302","1","34.2","ppb","32","Compton","24","100.0000","42602","Nitrogen dioxide (NO2)","31080","Los Angeles-Long Beach-Anaheim, CA","06","California","037","Los Angeles","33.9013890008739","-118.205"
"01/14/2019","AQS","060371302","1","31.3","ppb","29","Compton","24","100.0000","42602","Nitrogen dioxide (NO2)","31080","Los Angeles-Long Beach-Anaheim, CA","06","California","037","Los Angeles","33.9013890008739","-118.205"
"01/15/2019","AQS","060371302","1","29","ppb","27","Compton","24","100.0000","42602","Nitrogen dioxide (NO2)","31080","Los Angeles-Long Beach-Anaheim, CA","06","California","037","Los Angeles","33.9013890008739","-118.205"
"01/16/2019","AQS","060371302","1","26.7","ppb","25","Compton","24","100.0000","42602","Nitrogen dioxide (NO2)","31080","Los Angeles-Long Beach-Anaheim, CA","06","California","037","Los Angeles","33.9013890008739","-118.205"
"01/17/2019","AQS","060371302","1","15.6","ppb","14","Compton","24","100.0000","42602","Nitrogen dioxide (NO2)","31080","Los Angeles-Long Beach-Anaheim, CA","06","California","037","Los Angeles","33.9013890008739","-118.205"
"01/18/2019","AQS","060371302","1","30.6","ppb","28","Compton","24","100.0000","42602","Nitrogen dioxide (NO2)","31080","Los Angeles-Long Beach-Anaheim, CA","06","California","037","Los Angeles","33.9013890008739","-118.205"
"01/19/2019","AQS","060371302","1","34.7","ppb","32","Compton","24","100.0000","42602","Nitrogen dioxide (NO2)","31080","Los Angeles-Long Beach-Anaheim, CA","06","California","037","Los Angeles","33.9013890008739","-118.205"
"01/20/2019","AQS","060371302","1","23.3","ppb","22","Compton","24","100.0000","42602","Nitrogen dioxide (NO2)","31080","Los Angeles-Long Beach-Anaheim, CA","06","California","037","Los Angeles","33.9013890008739","-118.205"
"01/21/2019","AQS","060371302","1","13.9","ppb","12","Compton","24","100.0000","42602","Nitrogen dioxide (NO2)","31080","Los Angeles-Long Beach-Anaheim, CA","06","California","037","Los Angeles","33.9013890008739","-118.205"
"01/22/2019","AQS","060371302","1","39.2","ppb","37","Compton","24","100.0000","42602","Nitrogen dioxide (NO2)","31080","Los Angeles-Long Beach-Anaheim, CA","06","California","037","Los Angeles","33.9013890008739","-118.205"
"01/23/2019","AQS","060371302","1","32.2","ppb","30","Compton","24","100.0000","42602","Nitrogen dioxide (NO2)","31080","Los Angeles-Long Beach-Anaheim, CA","06","California","037","Los Angeles","33.9013890008739","-118.205"
"01/24/2019","AQS","060371302","1","43.7","ppb","41","Compton","24","100.0000","42602","Nitrogen dioxide (NO2)","31080","Los Angeles-Long Beach-Anaheim, CA","06","California","037","Los Angeles","33.9013890008739","-118.205"
"01/25/2019","AQS","060371302","1","38.1","ppb","36","Compton","24","100.0000","42602","Nitrogen dioxide (NO2)","31080","Los Angeles-Long Beach-Anaheim, CA","06","California","037","Los Angeles","33.9013890008739","-118.205"
"01/26/2019","AQS","060371302","1","42.3","ppb","40","Compton","24","100.0000","42602","Nitrogen dioxide (NO2)","31080","Los Angeles-Long Beach-Anaheim, CA","06","California","037","Los Angeles","33.9013890008739","-118.205"
"01/27/2019","AQS","060371302","1","43.7","ppb","41","Compton","24","100.0000","42602","Nitrogen dioxide (NO2)","31080","Los Angeles-Long Beach-Anaheim, CA","06","California","037","Los Angeles","33.9013890008739","-118.205"
"01/28/2019","AQS","060371302","1","52.5","ppb","49","Compton","24","100.0000","42602","Nitrogen dioxide (NO2)","31080","Los Angeles-Long Beach-Anaheim, CA","06","California","037","Los Angeles","33.9013890008739","-118.205"
"01/29/2019","AQS","060371302","1","44.3","ppb","42","Compton","24","100.0000","42602","Nitrogen dioxide (NO2)","31080","Los Angeles-Long Beach-Anaheim, CA","06","California","037","Los Angeles","33.9013890008739","-118.205"
"01/30/2019","AQS","060371302","1","33.4","ppb","31","Compton","24","100.0000","42602","Nitrogen dioxide (NO2)","31080","Los Angeles-Long Beach-Anaheim, CA","06","California","037","Los Angeles","33.9013890008739","-118.205"
"01/31/2019","AQS","060371302","1","30.6","ppb","28","Compton","24","100.0000","42602","Nitrogen dioxide (NO2)","31080","Los Angeles-Long Beach-Anaheim, CA","06","California","037","Los Angeles","33.9013890008739","-118.205"
"02/01/2019","AQS","060371302","1","28.1","ppb","26","Compton","24","100.0000","42602","Nitrogen dioxide (NO2)","31080","Los Angeles-Long Beach-Anaheim, CA","06","California","037","Los Angeles","33.9013890008739","-118.205"
"02/02/2019","AQS","060371302","1","28.7","ppb","26","Compton","24","100.0000","42602","Nitrogen dioxide (NO2)","31080","Los Angeles-Long Beach-Anaheim, CA","06","California","037","Los Angeles","33.9013890008739","-118.205"
"02/03/2019","AQS","060371302","1","27.6","ppb","25","Compton","24","100.0000","42602","Nitrogen dioxide (NO2)","31080","Los Angeles-Long Beach-Anaheim, CA","06","California","037","Los Angeles","33.9013890008739","-118.205"
"02/04/2019","AQS","060371302","1","26.8","ppb","25","Compton","24","100.0000","42602","Nitrogen dioxide (NO2)","31080","Los Angeles-Long Beach-Anaheim, CA","06","California","037","Los Angeles","33.9013890008739","-118.205"
"02/05/2019","AQS","060371302","1","32","ppb","30","Compton","24","100.0000","42602","Nitrogen dioxide (NO2)","31080","Los Angeles-Long Beach-Anaheim, CA","06","California","037","Los Angeles","33.9013890008739","-118.205"
"02/06/2019","AQS","060371302","1","30.2","ppb","28","Compton","24","100.0000","42602","Nitrogen dioxide (NO2)","31080","Los Angeles-Long Beach-Anaheim, CA","06","California","037","Los Angeles","33.9013890008739","-118.205"
"02/07/2019","AQS","060371302","1","37.9","ppb","35","Compton","24","100.0000","42602","Nitrogen dioxide (NO2)","31080","Los Angeles-Long Beach-Anaheim, CA","06","California","037","Los Angeles","33.9013890008739","-118.205"
"02/08/2019","AQS","060371302","1","39.6","ppb","37","Compton","24","100.0000","42602","Nitrogen dioxide (NO2)","31080","Los Angeles-Long Beach-Anaheim, CA","06","California","037","Los Angeles","33.9013890008739","-118.205"
"02/09/2019","AQS","060371302","1","34.1","ppb","32","Compton","24","100.0000","42602","Nitrogen dioxide (NO2)","31080","Los Angeles-Long Beach-Anaheim, CA","06","California","037","Los Angeles","33.9013890008739","-118.205"
"02/10/2019","AQS","060371302","1","26.2","ppb","25","Compton","24","100.0000","42602","Nitrogen dioxide (NO2)","31080","Los Angeles-Long Beach-Anaheim, CA","06","California","037","Los Angeles","33.9013890008739","-118.205"
"02/11/2019","AQS","060371302","1","39.8","ppb","37","Compton","24","100.0000","42602","Nitrogen dioxide (NO2)","31080","Los Angeles-Long Beach-Anaheim, CA","06","California","037","Los Angeles","33.9013890008739","-118.205"
"02/12/2019","AQS","060371302","1","49.6","ppb","46","Compton","24","100.0000","42602","Nitrogen dioxide (NO2)","31080","Los Angeles-Long Beach-Anaheim, CA","06","California","037","Los Angeles","33.9013890008739","-118.205"
"02/13/2019","AQS","060371302","1","40.9","ppb","38","Compton","24","100.0000","42602","Nitrogen dioxide (NO2)","31080","Los Angeles-Long Beach-Anaheim, CA","06","California","037","Los Angeles","33.9013890008739","-118.205"
"02/14/2019","AQS","060371302","1","27.7","ppb","25","Compton","24","100.0000","42602","Nitrogen dioxide (NO2)","31080","Los Angeles-Long Beach-Anaheim, CA","06","California","037","Los Angeles","33.9013890008739","-118.205"
"02/15/2019","AQS","060371302","1","27.5","ppb","25","Compton","24","100.0000","42602","Nitrogen dioxide (NO2)","31080","Los Angeles-Long Beach-Anaheim, CA","06","California","037","Los Angeles","33.9013890008739","-118.205"
"02/16/2019","AQS","060371302","1","23.2","ppb","22","Compton","24","100.0000","42602","Nitrogen dioxide (NO2)","31080","Los Angeles-Long Beach-Anaheim, CA","06","California","037","Los Angeles","33.9013890008739","-118.205"
"02/17/2019","AQS","060371302","1","18.3","ppb","17","Compton","24","100.0000","42602","Nitrogen dioxide (NO2)","31080","Los Angeles-Long Beach-Anaheim, CA","06","California","037","Los Angeles","33.9013890008739","-118.205"
"02/18/2019","AQS","060371302","1","34.5","ppb","32","Compton","24","100.0000","42602","Nitrogen dioxide (NO2)","31080","Los Angeles-Long Beach-Anaheim, CA","06","California","037","Los Angeles","33.9013890008739","-118.205"
"02/19/2019","AQS","060371302","1","33.9","ppb","31","Compton","24","100.0000","42602","Nitrogen dioxide (NO2)","31080","Los Angeles-Long Beach-Anaheim, CA","06","California","037","Los Angeles","33.9013890008739","-118.205"
"02/20/2019","AQS","060371302","1","34.8","ppb","32","Compton","24","100.0000","42602","Nitrogen dioxide (NO2)","31080","Los Angeles-Long Beach-Anaheim, CA","06","California","037","Los Angeles","33.9013890008739","-118.205"
"02/21/2019","AQS","060371302","1","34","ppb","32","Compton","24","100.0000","42602","Nitrogen dioxide (NO2)","31080","Los Angeles-Long Beach-Anaheim, CA","06","California","037","Los Angeles","33.9013890008739","-118.205"
"02/22/2019","AQS","060371302","1","33.1","ppb","31","Compton","24","100.0000","42602","Nitrogen dioxide (NO2)","31080","Los Angeles-Long Beach-Anaheim, CA","06","California","037","Los Angeles","33.9013890008739","-118.205"
"02/23/2019","AQS","060371302","1","33.7","ppb","31","Compton","24","100.0000","42602","Nitrogen dioxide (NO2)","31080","Los Angeles-Long Beach-Anaheim, CA","06","California","037","Los Angeles","33.9013890008739","-118.205"
"02/24/2019","AQS","060371302","1","30.8","ppb","28","Compton","24","100.0000","42602","Nitrogen dioxide (NO2)","31080","Los Angeles-Long Beach-Anaheim, CA","06","California","037","Los Angeles","33.9013890008739","-118.205"
"02/25/2019","AQS","060371302","1","33.1","ppb","31","Compton","24","100.0000","42602","Nitrogen dioxide (NO2)","31080","Los Angeles-Long Beach-Anaheim, CA","06","California","037","Los Angeles","33.9013890008739","-118.205"
"02/26/2019","AQS","060371302","1","29","ppb","27","Compton","24","100.0000","42602","Nitrogen dioxide (NO2)","31080","Los Angeles-Long Beach-Anaheim, CA","06","California","037","Los Angeles","33.9013890008739","-118.205"
"02/27/2019","AQS","060371302","1","25.5","ppb","24","Compton","24","100.0000","42602","Nitrogen dioxide (NO2)","31080","Los Angeles-Long Beach-Anaheim, CA","06","California","037","Los Angeles","33.9013890008739","-118.205"
"02/28/2019","AQS","060371302","1","23.1","ppb","22","Compton","24","100.0000","42602","Nitrogen dioxide (NO2)","31080","Los Angeles-Long Beach-Anaheim, CA","06","California","037","Los Angeles","33.9013890008739","-118.205"
"03/01/2019","AQS","060371302","1","18","ppb","17","Compton","24","100.0000","42602","Nitrogen dioxide (NO2)","31080","Los Angeles-Long Beach-Anaheim, CA","06","California","037","Los Angeles","33.9013890008739","-118.205"
"03/02/2019","AQS","060371302","1","24.5","ppb","23","Compton","24","100.0000","42602","Nitrogen dioxide (NO2)","31080","Los Angeles-Long Beach-Anaheim, CA","06","California","037","Los Angeles","33.9013890008739","-118.205"
"03/03/2019","AQS","060371302","1","8.2","ppb","8","Compton","24","100.0000","42602","Nitrogen dioxide (NO2)","31080","Los Angeles-Long Beach-Anaheim, CA","06","California","037","Los Angeles","33.9013890008739","-118.205"
"03/04/2019","AQS","060371302","1","25.3","ppb","24","Compton","24","100.0000","42602","Nitrogen dioxide (NO2)","31080","Los Angeles-Long Beach-Anaheim, CA","06","California","037","Los Angeles","33.9013890008739","-118.205"
"03/05/2019","AQS","060371302","1","31.2","ppb","29","Compton","24","100.0000","42602","Nitrogen dioxide (NO2)","31080","Los Angeles-Long Beach-Anaheim, CA","06","California","037","Los Angeles","33.9013890008739","-118.205"
"03/08/2019","AQS","060371302","1","30.3","ppb","28","Compton","18","75.0000","42602","Nitrogen dioxide (NO2)","31080","Los Angeles-Long Beach-Anaheim, CA","06","California","037","Los Angeles","33.9013890008739","-118.205"
"03/10/2019","AQS","060371302","1","28.2","ppb","26","Compton","24","100.0000","42602","Nitrogen dioxide (NO2)","31080","Los Angeles-Long Beach-Anaheim, CA","06","California","037","Los Angeles","33.9013890008739","-118.205"
"03/11/2019","AQS","060371302","1","29.8","ppb","27","Compton","24","100.0000","42602","Nitrogen dioxide (NO2)","31080","Los Angeles-Long Beach-Anaheim, CA","06","California","037","Los Angeles","33.9013890008739","-118.205"
"03/12/2019","AQS","060371302","1","29.6","ppb","27","Compton","24","100.0000","42602","Nitrogen dioxide (NO2)","31080","Los Angeles-Long Beach-Anaheim, CA","06","California","037","Los Angeles","33.9013890008739","-118.205"
"03/13/2019","AQS","060371302","1","33.3","ppb","31","Compton","24","100.0000","42602","Nitrogen dioxide (NO2)","31080","Los Angeles-Long Beach-Anaheim, CA","06","California","037","Los Angeles","33.9013890008739","-118.205"
"03/14/2019","AQS","060371302","1","40.5","ppb","38","Compton","24","100.0000","42602","Nitrogen dioxide (NO2)","31080","Los Angeles-Long Beach-Anaheim, CA","06","California","037","Los Angeles","33.9013890008739","-118.205"
"03/15/2019","AQS","060371302","1","41.7","ppb","39","Compton","24","100.0000","42602","Nitrogen dioxide (NO2)","31080","Los Angeles-Long Beach-Anaheim, CA","06","California","037","Los Angeles","33.9013890008739","-118.205"
"03/16/2019","AQS","060371302","1","48.3","ppb","45","Compton","24","100.0000","42602","Nitrogen dioxide (NO2)","31080","Los Angeles-Long Beach-Anaheim, CA","06","California","037","Los Angeles","33.9013890008739","-118.205"
"03/17/2019","AQS","060371302","1","31.4","ppb","29","Compton","24","100.0000","42602","Nitrogen dioxide (NO2)","31080","Los Angeles-Long Beach-Anaheim, CA","06","California","037","Los Angeles","33.9013890008739","-118.205"
"03/18/2019","AQS","060371302","1","37.5","ppb","35","Compton","24","100.0000","42602","Nitrogen dioxide (NO2)","31080","Los Angeles-Long Beach-Anaheim, CA","06","California","037","Los Angeles","33.9013890008739","-118.205"
"03/19/2019","AQS","060371302","1","32.7","ppb","30","Compton","24","100.0000","42602","Nitrogen dioxide (NO2)","31080","Los Angeles-Long Beach-Anaheim, CA","06","California","037","Los Angeles","33.9013890008739","-118.205"
"03/21/2019","AQS","060371302","1","27.4","ppb","25","Compton","24","100.0000","42602","Nitrogen dioxide (NO2)","31080","Los Angeles-Long Beach-Anaheim, CA","06","California","037","Los Angeles","33.9013890008739","-118.205"
"03/22/2019","AQS","060371302","1","36.7","ppb","34","Compton","24","100.0000","42602","Nitrogen dioxide (NO2)","31080","Los Angeles-Long Beach-Anaheim, CA","06","California","037","Los Angeles","33.9013890008739","-118.205"
"03/23/2019","AQS","060371302","1","29","ppb","27","Compton","24","100.0000","42602","Nitrogen dioxide (NO2)","31080","Los Angeles-Long Beach-Anaheim, CA","06","California","037","Los Angeles","33.9013890008739","-118.205"
"03/24/2019","AQS","060371302","1","22.2","ppb","21","Compton","24","100.0000","42602","Nitrogen dioxide (NO2)","31080","Los Angeles-Long Beach-Anaheim, CA","06","California","037","Los Angeles","33.9013890008739","-118.205"
"03/25/2019","AQS","060371302","1","36.8","ppb","34","Compton","24","100.0000","42602","Nitrogen dioxide (NO2)","31080","Los Angeles-Long Beach-Anaheim, CA","06","California","037","Los Angeles","33.9013890008739","-118.205"
"03/26/2019","AQS","060371302","1","44.8","ppb","42","Compton","24","100.0000","42602","Nitrogen dioxide (NO2)","31080","Los Angeles-Long Beach-Anaheim, CA","06","California","037","Los Angeles","33.9013890008739","-118.205"
"03/27/2019","AQS","060371302","1","18.6","ppb","17","Compton","24","100.0000","42602","Nitrogen dioxide (NO2)","31080","Los Angeles-Long Beach-Anaheim, CA","06","California","037","Los Angeles","33.9013890008739","-118.205"
"03/28/2019","AQS","060371302","1","21.7","ppb","20","Compton","24","100.0000","42602","Nitrogen dioxide (NO2)","31080","Los Angeles-Long Beach-Anaheim, CA","06","California","037","Los Angeles","33.9013890008739","-118.205"
"03/29/2019","AQS","060371302","1","30.2","ppb","28","Compton","24","100.0000","42602","Nitrogen dioxide (NO2)","31080","Los Angeles-Long Beach-Anaheim, CA","06","California","037","Los Angeles","33.9013890008739","-118.205"
"03/30/2019","AQS","060371302","1","36.8","ppb","34","Compton","24","100.0000","42602","Nitrogen dioxide (NO2)","31080","Los Angeles-Long Beach-Anaheim, CA","06","California","037","Los Angeles","33.9013890008739","-118.205"
"03/31/2019","AQS","060371302","1","42.3","ppb","40","Compton","24","100.0000","42602","Nitrogen dioxide (NO2)","31080","Los Angeles-Long Beach-Anaheim, CA","06","California","037","Los Angeles","33.9013890008739","-118.205"
"04/01/2019","AQS","060371302","1","51.4","ppb","48","Compton","24","100.0000","42602","Nitrogen dioxide (NO2)","31080","Los Angeles-Long Beach-Anaheim, CA","06","California","037","Los Angeles","33.9013890008739","-118.205"
"04/02/2019","AQS","060371302","1","16.1","ppb","15","Compton","24","100.0000","42602","Nitrogen dioxide (NO2)","31080","Los Angeles-Long Beach-Anaheim, CA","06","California","037","Los Angeles","33.9013890008739","-118.205"
"04/03/2019","AQS","060371302","1","19.2","ppb","18","Compton","24","100.0000","42602","Nitrogen dioxide (NO2)","31080","Los Angeles-Long Beach-Anaheim, CA","06","California","037","Los Angeles","33.9013890008739","-118.205"
"04/04/2019","AQS","060371302","1","16.5","ppb","15","Compton","24","100.0000","42602","Nitrogen dioxide (NO2)","31080","Los Angeles-Long Beach-Anaheim, CA","06","California","037","Los Angeles","33.9013890008739","-118.205"
"04/05/2019","AQS","060371302","1","21.7","ppb","20","Compton","24","100.0000","42602","Nitrogen dioxide (NO2)","31080","Los Angeles-Long Beach-Anaheim, CA","06","California","037","Los Angeles","33.9013890008739","-118.205"
"04/06/2019","AQS","060371302","1","13.4","ppb","12","Compton","24","100.0000","42602","Nitrogen dioxide (NO2)","31080","Los Angeles-Long Beach-Anaheim, CA","06","California","037","Los Angeles","33.9013890008739","-118.205"
"04/07/2019","AQS","060371302","1","35.1","ppb","33","Compton","24","100.0000","42602","Nitrogen dioxide (NO2)","31080","Los Angeles-Long Beach-Anaheim, CA","06","California","037","Los Angeles","33.9013890008739","-118.205"
"04/08/2019","AQS","060371302","1","38.8","ppb","36","Compton","24","100.0000","42602","Nitrogen dioxide (NO2)","31080","Los Angeles-Long Beach-Anaheim, CA","06","California","037","Los Angeles","33.9013890008739","-118.205"
"04/09/2019","AQS","060371302","1","21.7","ppb","20","Compton","24","100.0000","42602","Nitrogen dioxide (NO2)","31080","Los Angeles-Long Beach-Anaheim, CA","06","California","037","Los Angeles","33.9013890008739","-118.205"
"04/10/2019","AQS","060371302","1","13.1","ppb","12","Compton","24","100.0000","42602","Nitrogen dioxide (NO2)","31080","Los Angeles-Long Beach-Anaheim, CA","06","California","037","Los Angeles","33.9013890008739","-118.205"
"04/11/2019","AQS","060371302","1","36.1","ppb","34","Compton","24","100.0000","42602","Nitrogen dioxide (NO2)","31080","Los Angeles-Long Beach-Anaheim, CA","06","California","037","Los Angeles","33.9013890008739","-118.205"
"04/12/2019","AQS","060371302","1","27.7","ppb","25","Compton","24","100.0000","42602","Nitrogen dioxide (NO2)","31080","Los Angeles-Long Beach-Anaheim, CA","06","California","037","Los Angeles","33.9013890008739","-118.205"
"04/13/2019","AQS","060371302","1","25.8","ppb","24","Compton","24","100.0000","42602","Nitrogen dioxide (NO2)","31080","Los Angeles-Long Beach-Anaheim, CA","06","California","037","Los Angeles","33.9013890008739","-118.205"
"04/14/2019","AQS","060371302","1","21.3","ppb","20","Compton","24","100.0000","42602","Nitrogen dioxide (NO2)","31080","Los Angeles-Long Beach-Anaheim, CA","06","California","037","Los Angeles","33.9013890008739","-118.205"
"04/15/2019","AQS","060371302","1","21.6","ppb","20","Compton","24","100.0000","42602","Nitrogen dioxide (NO2)","31080","Los Angeles-Long Beach-Anaheim, CA","06","California","037","Los Angeles","33.9013890008739","-118.205"
"04/16/2019","AQS","060371302","1","13.6","ppb","12","Compton","24","100.0000","42602","Nitrogen dioxide (NO2)","31080","Los Angeles-Long Beach-Anaheim, CA","06","California","037","Los Angeles","33.9013890008739","-118.205"
"04/17/2019","AQS","060371302","1","31","ppb","29","Compton","23","96.0000","42602","Nitrogen dioxide (NO2)","31080","Los Angeles-Long Beach-Anaheim, CA","06","California","037","Los Angeles","33.9013890008739","-118.205"
"04/18/2019","AQS","060371302","1","37.2","ppb","35","Compton","24","100.0000","42602","Nitrogen dioxide (NO2)","31080","Los Angeles-Long Beach-Anaheim, CA","06","California","037","Los Angeles","33.9013890008739","-118.205"
"04/19/2019","AQS","060371302","1","19.6","ppb","18","Compton","24","100.0000","42602","Nitrogen dioxide (NO2)","31080","Los Angeles-Long Beach-Anaheim, CA","06","California","037","Los Angeles","33.9013890008739","-118.205"
"04/20/2019","AQS","060371302","1","11.7","ppb","10","Compton","24","100.0000","42602","Nitrogen dioxide (NO2)","31080","Los Angeles-Long Beach-Anaheim, CA","06","California","037","Los Angeles","33.9013890008739","-118.205"
"04/21/2019","AQS","060371302","1","11.8","ppb","10","Compton","24","100.0000","42602","Nitrogen dioxide (NO2)","31080","Los Angeles-Long Beach-Anaheim, CA","06","California","037","Los Angeles","33.9013890008739","-118.205"
"04/22/2019","AQS","060371302","1","25.3","ppb","24","Compton","24","100.0000","42602","Nitrogen dioxide (NO2)","31080","Los Angeles-Long Beach-Anaheim, CA","06","California","037","Los Angeles","33.9013890008739","-118.205"
"04/23/2019","AQS","060371302","1","25.3","ppb","24","Compton","24","100.0000","42602","Nitrogen dioxide (NO2)","31080","Los Angeles-Long Beach-Anaheim, CA","06","California","037","Los Angeles","33.9013890008739","-118.205"
"04/24/2019","AQS","060371302","1","13.3","ppb","12","Compton","24","100.0000","42602","Nitrogen dioxide (NO2)","31080","Los Angeles-Long Beach-Anaheim, CA","06","California","037","Los Angeles","33.9013890008739","-118.205"
"04/25/2019","AQS","060371302","1","22.7","ppb","21","Compton","24","100.0000","42602","Nitrogen dioxide (NO2)","31080","Los Angeles-Long Beach-Anaheim, CA","06","California","037","Los Angeles","33.9013890008739","-118.205"
"04/26/2019","AQS","060371302","1","21.5","ppb","20","Compton","24","100.0000","42602","Nitrogen dioxide (NO2)","31080","Los Angeles-Long Beach-Anaheim, CA","06","California","037","Los Angeles","33.9013890008739","-118.205"
"04/27/2019","AQS","060371302","1","9.5","ppb","8","Compton","24","100.0000","42602","Nitrogen dioxide (NO2)","31080","Los Angeles-Long Beach-Anaheim, CA","06","California","037","Los Angeles","33.9013890008739","-118.205"
"04/28/2019","AQS","060371302","1","10.3","ppb","9","Compton","24","100.0000","42602","Nitrogen dioxide (NO2)","31080","Los Angeles-Long Beach-Anaheim, CA","06","California","037","Los Angeles","33.9013890008739","-118.205"
"04/29/2019","AQS","060371302","1","21.7","ppb","20","Compton","24","100.0000","42602","Nitrogen dioxide (NO2)","31080","Los Angeles-Long Beach-Anaheim, CA","06","California","037","Los Angeles","33.9013890008739","-118.205"
"04/30/2019","AQS","060371302","1","18.5","ppb","17","Compton","23","96.0000","42602","Nitrogen dioxide (NO2)","31080","Los Angeles-Long Beach-Anaheim, CA","06","California","037","Los Angeles","33.9013890008739","-118.205"
"05/01/2019","AQS","060371302","1","30.3","ppb","28","Compton","19","79.0000","42602","Nitrogen dioxide (NO2)","31080","Los Angeles-Long Beach-Anaheim, CA","06","California","037","Los Angeles","33.9013890008739","-118.205"
"05/02/2019","AQS","060371302","1","23.5","ppb","22","Compton","22","92.0000","42602","Nitrogen dioxide (NO2)","31080","Los Angeles-Long Beach-Anaheim, CA","06","California","037","Los Angeles","33.9013890008739","-118.205"
"05/03/2019","AQS","060371302","1","11.6","ppb","10","Compton","24","100.0000","42602","Nitrogen dioxide (NO2)","31080","Los Angeles-Long Beach-Anaheim, CA","06","California","037","Los Angeles","33.9013890008739","-118.205"
"05/04/2019","AQS","060371302","1","6.8","ppb","6","Compton","24","100.0000","42602","Nitrogen dioxide (NO2)","31080","Los Angeles-Long Beach-Anaheim, CA","06","California","037","Los Angeles","33.9013890008739","-118.205"
"05/05/2019","AQS","060371302","1","6.6","ppb","6","Compton","24","100.0000","42602","Nitrogen dioxide (NO2)","31080","Los Angeles-Long Beach-Anaheim, CA","06","California","037","Los Angeles","33.9013890008739","-118.205"
"05/06/2019","AQS","060371302","1","13.5","ppb","12","Compton","24","100.0000","42602","Nitrogen dioxide (NO2)","31080","Los Angeles-Long Beach-Anaheim, CA","06","California","037","Los Angeles","33.9013890008739","-118.205"
"05/07/2019","AQS","060371302","1","11.2","ppb","10","Compton","21","88.0000","42602","Nitrogen dioxide (NO2)","31080","Los Angeles-Long Beach-Anaheim, CA","06","California","037","Los Angeles","33.9013890008739","-118.205"
"05/08/2019","AQS","060371302","1","10.2","ppb","9","Compton","24","100.0000","42602","Nitrogen dioxide (NO2)","31080","Los Angeles-Long Beach-Anaheim, CA","06","California","037","Los Angeles","33.9013890008739","-118.205"
"05/09/2019","AQS","060371302","1","19.5","ppb","18","Compton","24","100.0000","42602","Nitrogen dioxide (NO2)","31080","Los Angeles-Long Beach-Anaheim, CA","06","California","037","Los Angeles","33.9013890008739","-118.205"
"05/10/2019","AQS","060371302","1","23.1","ppb","22","Compton","24","100.0000","42602","Nitrogen dioxide (NO2)","31080","Los Angeles-Long Beach-Anaheim, CA","06","California","037","Los Angeles","33.9013890008739","-118.205"
"05/11/2019","AQS","060371302","1","23.4","ppb","22","Compton","24","100.0000","42602","Nitrogen dioxide (NO2)","31080","Los Angeles-Long Beach-Anaheim, CA","06","California","037","Los Angeles","33.9013890008739","-118.205"
"05/12/2019","AQS","060371302","1","16.8","ppb","15","Compton","24","100.0000","42602","Nitrogen dioxide (NO2)","31080","Los Angeles-Long Beach-Anaheim, CA","06","California","037","Los Angeles","33.9013890008739","-118.205"
"05/13/2019","AQS","060371302","1","11.4","ppb","10","Compton","24","100.0000","42602","Nitrogen dioxide (NO2)","31080","Los Angeles-Long Beach-Anaheim, CA","06","California","037","Los Angeles","33.9013890008739","-118.205"
"05/14/2019","AQS","060371302","1","14.6","ppb","13","Compton","24","100.0000","42602","Nitrogen dioxide (NO2)","31080","Los Angeles-Long Beach-Anaheim, CA","06","California","037","Los Angeles","33.9013890008739","-118.205"
"05/15/2019","AQS","060371302","1","11.1","ppb","10","Compton","24","100.0000","42602","Nitrogen dioxide (NO2)","31080","Los Angeles-Long Beach-Anaheim, CA","06","California","037","Los Angeles","33.9013890008739","-118.205"
"05/16/2019","AQS","060371302","1","15.8","ppb","14","Compton","24","100.0000","42602","Nitrogen dioxide (NO2)","31080","Los Angeles-Long Beach-Anaheim, CA","06","California","037","Los Angeles","33.9013890008739","-118.205"
"05/17/2019","AQS","060371302","1","26.4","ppb","25","Compton","24","100.0000","42602","Nitrogen dioxide (NO2)","31080","Los Angeles-Long Beach-Anaheim, CA","06","California","037","Los Angeles","33.9013890008739","-118.205"
"05/18/2019","AQS","060371302","1","23.1","ppb","22","Compton","24","100.0000","42602","Nitrogen dioxide (NO2)","31080","Los Angeles-Long Beach-Anaheim, CA","06","California","037","Los Angeles","33.9013890008739","-118.205"
"05/19/2019","AQS","060371302","1","5.8","ppb","5","Compton","24","100.0000","42602","Nitrogen dioxide (NO2)","31080","Los Angeles-Long Beach-Anaheim, CA","06","California","037","Los Angeles","33.9013890008739","-118.205"
"05/20/2019","AQS","060371302","1","14.1","ppb","13","Compton","24","100.0000","42602","Nitrogen dioxide (NO2)","31080","Los Angeles-Long Beach-Anaheim, CA","06","California","037","Los Angeles","33.9013890008739","-118.205"
"05/21/2019","AQS","060371302","1","14.6","ppb","13","Compton","24","100.0000","42602","Nitrogen dioxide (NO2)","31080","Los Angeles-Long Beach-Anaheim, CA","06","California","037","Los Angeles","33.9013890008739","-118.205"
"05/22/2019","AQS","060371302","1","18","ppb","17","Compton","24","100.0000","42602","Nitrogen dioxide (NO2)","31080","Los Angeles-Long Beach-Anaheim, CA","06","California","037","Los Angeles","33.9013890008739","-118.205"
"05/23/2019","AQS","060371302","1","19.4","ppb","18","Compton","24","100.0000","42602","Nitrogen dioxide (NO2)","31080","Los Angeles-Long Beach-Anaheim, CA","06","California","037","Los Angeles","33.9013890008739","-118.205"
"05/24/2019","AQS","060371302","1","24.1","ppb","23","Compton","24","100.0000","42602","Nitrogen dioxide (NO2)","31080","Los Angeles-Long Beach-Anaheim, CA","06","California","037","Los Angeles","33.9013890008739","-118.205"
"05/25/2019","AQS","060371302","1","20.9","ppb","19","Compton","24","100.0000","42602","Nitrogen dioxide (NO2)","31080","Los Angeles-Long Beach-Anaheim, CA","06","California","037","Los Angeles","33.9013890008739","-118.205"
"05/26/2019","AQS","060371302","1","6.8","ppb","6","Compton","24","100.0000","42602","Nitrogen dioxide (NO2)","31080","Los Angeles-Long Beach-Anaheim, CA","06","California","037","Los Angeles","33.9013890008739","-118.205"
"05/27/2019","AQS","060371302","1","19","ppb","18","Compton","24","100.0000","42602","Nitrogen dioxide (NO2)","31080","Los Angeles-Long Beach-Anaheim, CA","06","California","037","Los Angeles","33.9013890008739","-118.205"
"05/28/2019","AQS","060371302","1","20.8","ppb","19","Compton","24","100.0000","42602","Nitrogen dioxide (NO2)","31080","Los Angeles-Long Beach-Anaheim, CA","06","California","037","Los Angeles","33.9013890008739","-118.205"
"05/29/2019","AQS","060371302","1","21.7","ppb","20","Compton","24","100.0000","42602","Nitrogen dioxide (NO2)","31080","Los Angeles-Long Beach-Anaheim, CA","06","California","037","Los Angeles","33.9013890008739","-118.205"
"05/30/2019","AQS","060371302","1","12","ppb","11","Compton","18","75.0000","42602","Nitrogen dioxide (NO2)","31080","Los Angeles-Long Beach-Anaheim, CA","06","California","037","Los Angeles","33.9013890008739","-118.205"
"05/31/2019","AQS","060371302","1","16","ppb","15","Compton","22","92.0000","42602","Nitrogen dioxide (NO2)","31080","Los Angeles-Long Beach-Anaheim, CA","06","California","037","Los Angeles","33.9013890008739","-118.205"
"06/01/2019","AQS","060371302","1","7.8","ppb","7","Compton","24","100.0000","42602","Nitrogen dioxide (NO2)","31080","Los Angeles-Long Beach-Anaheim, CA","06","California","037","Los Angeles","33.9013890008739","-118.205"
"06/02/2019","AQS","060371302","1","9.2","ppb","8","Compton","24","100.0000","42602","Nitrogen dioxide (NO2)","31080","Los Angeles-Long Beach-Anaheim, CA","06","California","037","Los Angeles","33.9013890008739","-118.205"
"06/03/2019","AQS","060371302","1","12.3","ppb","11","Compton","24","100.0000","42602","Nitrogen dioxide (NO2)","31080","Los Angeles-Long Beach-Anaheim, CA","06","California","037","Los Angeles","33.9013890008739","-118.205"
"06/04/2019","AQS","060371302","1","13.5","ppb","12","Compton","24","100.0000","42602","Nitrogen dioxide (NO2)","31080","Los Angeles-Long Beach-Anaheim, CA","06","California","037","Los Angeles","33.9013890008739","-118.205"
"06/05/2019","AQS","060371302","1","14.8","ppb","13","Compton","24","100.0000","42602","Nitrogen dioxide (NO2)","31080","Los Angeles-Long Beach-Anaheim, CA","06","California","037","Los Angeles","33.9013890008739","-118.205"
"06/06/2019","AQS","060371302","1","10","ppb","9","Compton","24","100.0000","42602","Nitrogen dioxide (NO2)","31080","Los Angeles-Long Beach-Anaheim, CA","06","California","037","Los Angeles","33.9013890008739","-118.205"
"06/07/2019","AQS","060371302","1","15.7","ppb","14","Compton","24","100.0000","42602","Nitrogen dioxide (NO2)","31080","Los Angeles-Long Beach-Anaheim, CA","06","California","037","Los Angeles","33.9013890008739","-118.205"
"06/08/2019","AQS","060371302","1","8.1","ppb","8","Compton","24","100.0000","42602","Nitrogen dioxide (NO2)","31080","Los Angeles-Long Beach-Anaheim, CA","06","California","037","Los Angeles","33.9013890008739","-118.205"
"06/09/2019","AQS","060371302","1","8.4","ppb","8","Compton","24","100.0000","42602","Nitrogen dioxide (NO2)","31080","Los Angeles-Long Beach-Anaheim, CA","06","California","037","Los Angeles","33.9013890008739","-118.205"
"06/10/2019","AQS","060371302","1","25.3","ppb","24","Compton","24","100.0000","42602","Nitrogen dioxide (NO2)","31080","Los Angeles-Long Beach-Anaheim, CA","06","California","037","Los Angeles","33.9013890008739","-118.205"
"06/11/2019","AQS","060371302","1","31.8","ppb","29","Compton","21","88.0000","42602","Nitrogen dioxide (NO2)","31080","Los Angeles-Long Beach-Anaheim, CA","06","California","037","Los Angeles","33.9013890008739","-118.205"
"06/12/2019","AQS","060371302","1","12.8","ppb","11","Compton","19","79.0000","42602","Nitrogen dioxide (NO2)","31080","Los Angeles-Long Beach-Anaheim, CA","06","California","037","Los Angeles","33.9013890008739","-118.205"
"06/14/2019","AQS","060371302","1","10.1","ppb","9","Compton","21","88.0000","42602","Nitrogen dioxide (NO2)","31080","Los Angeles-Long Beach-Anaheim, CA","06","California","037","Los Angeles","33.9013890008739","-118.205"
"06/15/2019","AQS","060371302","1","6.3","ppb","6","Compton","24","100.0000","42602","Nitrogen dioxide (NO2)","31080","Los Angeles-Long Beach-Anaheim, CA","06","California","037","Los Angeles","33.9013890008739","-118.205"
"06/16/2019","AQS","060371302","1","9.5","ppb","8","Compton","24","100.0000","42602","Nitrogen dioxide (NO2)","31080","Los Angeles-Long Beach-Anaheim, CA","06","California","037","Los Angeles","33.9013890008739","-118.205"
"06/17/2019","AQS","060371302","1","15.9","ppb","14","Compton","24","100.0000","42602","Nitrogen dioxide (NO2)","31080","Los Angeles-Long Beach-Anaheim, CA","06","California","037","Los Angeles","33.9013890008739","-118.205"
"06/18/2019","AQS","060371302","1","18.5","ppb","17","Compton","24","100.0000","42602","Nitrogen dioxide (NO2)","31080","Los Angeles-Long Beach-Anaheim, CA","06","California","037","Los Angeles","33.9013890008739","-118.205"
"06/19/2019","AQS","060371302","1","11.8","ppb","10","Compton","24","100.0000","42602","Nitrogen dioxide (NO2)","31080","Los Angeles-Long Beach-Anaheim, CA","06","California","037","Los Angeles","33.9013890008739","-118.205"
"06/20/2019","AQS","060371302","1","13.4","ppb","12","Compton","24","100.0000","42602","Nitrogen dioxide (NO2)","31080","Los Angeles-Long Beach-Anaheim, CA","06","California","037","Los Angeles","33.9013890008739","-118.205"
"06/21/2019","AQS","060371302","1","8","ppb","8","Compton","22","92.0000","42602","Nitrogen dioxide (NO2)","31080","Los Angeles-Long Beach-Anaheim, CA","06","California","037","Los Angeles","33.9013890008739","-118.205"
"06/22/2019","AQS","060371302","1","6.5","ppb","6","Compton","24","100.0000","42602","Nitrogen dioxide (NO2)","31080","Los Angeles-Long Beach-Anaheim, CA","06","California","037","Los Angeles","33.9013890008739","-118.205"
"06/23/2019","AQS","060371302","1","5.9","ppb","5","Compton","24","100.0000","42602","Nitrogen dioxide (NO2)","31080","Los Angeles-Long Beach-Anaheim, CA","06","California","037","Los Angeles","33.9013890008739","-118.205"
"06/24/2019","AQS","060371302","1","16.2","ppb","15","Compton","24","100.0000","42602","Nitrogen dioxide (NO2)","31080","Los Angeles-Long Beach-Anaheim, CA","06","California","037","Los Angeles","33.9013890008739","-118.205"
"06/25/2019","AQS","060371302","1","9.5","ppb","8","Compton","22","92.0000","42602","Nitrogen dioxide (NO2)","31080","Los Angeles-Long Beach-Anaheim, CA","06","California","037","Los Angeles","33.9013890008739","-118.205"
"06/26/2019","AQS","060371302","1","11.3","ppb","10","Compton","22","92.0000","42602","Nitrogen dioxide (NO2)","31080","Los Angeles-Long Beach-Anaheim, CA","06","California","037","Los Angeles","33.9013890008739","-118.205"
"06/27/2019","AQS","060371302","1","18.4","ppb","17","Compton","24","100.0000","42602","Nitrogen dioxide (NO2)","31080","Los Angeles-Long Beach-Anaheim, CA","06","California","037","Los Angeles","33.9013890008739","-118.205"
"06/28/2019","AQS","060371302","1","14.4","ppb","13","Compton","24","100.0000","42602","Nitrogen dioxide (NO2)","31080","Los Angeles-Long Beach-Anaheim, CA","06","California","037","Los Angeles","33.9013890008739","-118.205"
"06/29/2019","AQS","060371302","1","23.2","ppb","22","Compton","24","100.0000","42602","Nitrogen dioxide (NO2)","31080","Los Angeles-Long Beach-Anaheim, CA","06","California","037","Los Angeles","33.9013890008739","-118.205"
"06/30/2019","AQS","060371302","1","27.6","ppb","25","Compton","24","100.0000","42602","Nitrogen dioxide (NO2)","31080","Los Angeles-Long Beach-Anaheim, CA","06","California","037","Los Angeles","33.9013890008739","-118.205"
"07/01/2019","AQS","060371302","1","21.5","ppb","20","Compton","24","100.0000","42602","Nitrogen dioxide (NO2)","31080","Los Angeles-Long Beach-Anaheim, CA","06","California","037","Los Angeles","33.9013890008739","-118.205"
"07/02/2019","AQS","060371302","1","14.2","ppb","13","Compton","20","83.0000","42602","Nitrogen dioxide (NO2)","31080","Los Angeles-Long Beach-Anaheim, CA","06","California","037","Los Angeles","33.9013890008739","-118.205"
"07/03/2019","AQS","060371302","1","11.9","ppb","10","Compton","21","88.0000","42602","Nitrogen dioxide (NO2)","31080","Los Angeles-Long Beach-Anaheim, CA","06","California","037","Los Angeles","33.9013890008739","-118.205"
"07/04/2019","AQS","060371302","1","16.5","ppb","15","Compton","23","96.0000","42602","Nitrogen dioxide (NO2)","31080","Los Angeles-Long Beach-Anaheim, CA","06","California","037","Los Angeles","33.9013890008739","-118.205"
"07/05/2019","AQS","060371302","1","8.1","ppb","8","Compton","23","96.0000","42602","Nitrogen dioxide (NO2)","31080","Los Angeles-Long Beach-Anaheim, CA","06","California","037","Los Angeles","33.9013890008739","-118.205"
"07/06/2019","AQS","060371302","1","13","ppb","12","Compton","24","100.0000","42602","Nitrogen dioxide (NO2)","31080","Los Angeles-Long Beach-Anaheim, CA","06","California","037","Los Angeles","33.9013890008739","-118.205"
"07/07/2019","AQS","060371302","1","5.7","ppb","5","Compton","24","100.0000","42602","Nitrogen dioxide (NO2)","31080","Los Angeles-Long Beach-Anaheim, CA","06","California","037","Los Angeles","33.9013890008739","-118.205"
"07/08/2019","AQS","060371302","1","10.7","ppb","9","Compton","24","100.0000","42602","Nitrogen dioxide (NO2)","31080","Los Angeles-Long Beach-Anaheim, CA","06","California","037","Los Angeles","33.9013890008739","-118.205"
"07/09/2019","AQS","060371302","1","13.5","ppb","12","Compton","24","100.0000","42602","Nitrogen dioxide (NO2)","31080","Los Angeles-Long Beach-Anaheim, CA","06","California","037","Los Angeles","33.9013890008739","-118.205"
"07/10/2019","AQS","060371302","1","15.2","ppb","14","Compton","24","100.0000","42602","Nitrogen dioxide (NO2)","31080","Los Angeles-Long Beach-Anaheim, CA","06","California","037","Los Angeles","33.9013890008739","-118.205"
"07/11/2019","AQS","060371302","1","17.6","ppb","16","Compton","24","100.0000","42602","Nitrogen dioxide (NO2)","31080","Los Angeles-Long Beach-Anaheim, CA","06","California","037","Los Angeles","33.9013890008739","-118.205"
"07/12/2019","AQS","060371302","1","26.2","ppb","25","Compton","24","100.0000","42602","Nitrogen dioxide (NO2)","31080","Los Angeles-Long Beach-Anaheim, CA","06","California","037","Los Angeles","33.9013890008739","-118.205"
"07/13/2019","AQS","060371302","1","11.7","ppb","10","Compton","24","100.0000","42602","Nitrogen dioxide (NO2)","31080","Los Angeles-Long Beach-Anaheim, CA","06","California","037","Los Angeles","33.9013890008739","-118.205"
"07/14/2019","AQS","060371302","1","8.5","ppb","8","Compton","24","100.0000","42602","Nitrogen dioxide (NO2)","31080","Los Angeles-Long Beach-Anaheim, CA","06","California","037","Los Angeles","33.9013890008739","-118.205"
"07/15/2019","AQS","060371302","1","28.7","ppb","26","Compton","24","100.0000","42602","Nitrogen dioxide (NO2)","31080","Los Angeles-Long Beach-Anaheim, CA","06","California","037","Los Angeles","33.9013890008739","-118.205"
"07/16/2019","AQS","060371302","1","26.4","ppb","25","Compton","24","100.0000","42602","Nitrogen dioxide (NO2)","31080","Los Angeles-Long Beach-Anaheim, CA","06","California","037","Los Angeles","33.9013890008739","-118.205"
"07/17/2019","AQS","060371302","1","17.9","ppb","16","Compton","24","100.0000","42602","Nitrogen dioxide (NO2)","31080","Los Angeles-Long Beach-Anaheim, CA","06","California","037","Los Angeles","33.9013890008739","-118.205"
"07/18/2019","AQS","060371302","1","13.7","ppb","12","Compton","24","100.0000","42602","Nitrogen dioxide (NO2)","31080","Los Angeles-Long Beach-Anaheim, CA","06","California","037","Los Angeles","33.9013890008739","-118.205"
"07/19/2019","AQS","060371302","1","11.9","ppb","10","Compton","24","100.0000","42602","Nitrogen dioxide (NO2)","31080","Los Angeles-Long Beach-Anaheim, CA","06","California","037","Los Angeles","33.9013890008739","-118.205"
"07/20/2019","AQS","060371302","1","7.7","ppb","7","Compton","24","100.0000","42602","Nitrogen dioxide (NO2)","31080","Los Angeles-Long Beach-Anaheim, CA","06","California","037","Los Angeles","33.9013890008739","-118.205"
"07/21/2019","AQS","060371302","1","4.5","ppb","4","Compton","24","100.0000","42602","Nitrogen dioxide (NO2)","31080","Los Angeles-Long Beach-Anaheim, CA","06","California","037","Los Angeles","33.9013890008739","-118.205"
"07/22/2019","AQS","060371302","1","25.1","ppb","24","Compton","24","100.0000","42602","Nitrogen dioxide (NO2)","31080","Los Angeles-Long Beach-Anaheim, CA","06","California","037","Los Angeles","33.9013890008739","-118.205"
"07/23/2019","AQS","060371302","1","28.4","ppb","26","Compton","24","100.0000","42602","Nitrogen dioxide (NO2)","31080","Los Angeles-Long Beach-Anaheim, CA","06","California","037","Los Angeles","33.9013890008739","-118.205"
"07/24/2019","AQS","060371302","1","28.6","ppb","26","Compton","24","100.0000","42602","Nitrogen dioxide (NO2)","31080","Los Angeles-Long Beach-Anaheim, CA","06","California","037","Los Angeles","33.9013890008739","-118.205"
"07/25/2019","AQS","060371302","1","29.5","ppb","27","Compton","23","96.0000","42602","Nitrogen dioxide (NO2)","31080","Los Angeles-Long Beach-Anaheim, CA","06","California","037","Los Angeles","33.9013890008739","-118.205"
"07/26/2019","AQS","060371302","1","32.5","ppb","30","Compton","24","100.0000","42602","Nitrogen dioxide (NO2)","31080","Los Angeles-Long Beach-Anaheim, CA","06","California","037","Los Angeles","33.9013890008739","-118.205"
"07/27/2019","AQS","060371302","1","14.4","ppb","13","Compton","24","100.0000","42602","Nitrogen dioxide (NO2)","31080","Los Angeles-Long Beach-Anaheim, CA","06","California","037","Los Angeles","33.9013890008739","-118.205"
"07/28/2019","AQS","060371302","1","21","ppb","20","Compton","24","100.0000","42602","Nitrogen dioxide (NO2)","31080","Los Angeles-Long Beach-Anaheim, CA","06","California","037","Los Angeles","33.9013890008739","-118.205"
"07/29/2019","AQS","060371302","1","11.5","ppb","10","Compton","24","100.0000","42602","Nitrogen dioxide (NO2)","31080","Los Angeles-Long Beach-Anaheim, CA","06","California","037","Los Angeles","33.9013890008739","-118.205"
"07/30/2019","AQS","060371302","1","14.4","ppb","13","Compton","24","100.0000","42602","Nitrogen dioxide (NO2)","31080","Los Angeles-Long Beach-Anaheim, CA","06","California","037","Los Angeles","33.9013890008739","-118.205"
"07/31/2019","AQS","060371302","1","18.2","ppb","17","Compton","24","100.0000","42602","Nitrogen dioxide (NO2)","31080","Los Angeles-Long Beach-Anaheim, CA","06","California","037","Los Angeles","33.9013890008739","-118.205"
"08/01/2019","AQS","060371302","1","18.1","ppb","17","Compton","24","100.0000","42602","Nitrogen dioxide (NO2)","31080","Los Angeles-Long Beach-Anaheim, CA","06","California","037","Los Angeles","33.9013890008739","-118.205"
"08/02/2019","AQS","060371302","1","19.3","ppb","18","Compton","24","100.0000","42602","Nitrogen dioxide (NO2)","31080","Los Angeles-Long Beach-Anaheim, CA","06","California","037","Los Angeles","33.9013890008739","-118.205"
"08/03/2019","AQS","060371302","1","17.9","ppb","16","Compton","24","100.0000","42602","Nitrogen dioxide (NO2)","31080","Los Angeles-Long Beach-Anaheim, CA","06","California","037","Los Angeles","33.9013890008739","-118.205"
"08/04/2019","AQS","060371302","1","18.8","ppb","17","Compton","24","100.0000","42602","Nitrogen dioxide (NO2)","31080","Los Angeles-Long Beach-Anaheim, CA","06","California","037","Los Angeles","33.9013890008739","-118.205"
"08/05/2019","AQS","060371302","1","16.5","ppb","15","Compton","24","100.0000","42602","Nitrogen dioxide (NO2)","31080","Los Angeles-Long Beach-Anaheim, CA","06","California","037","Los Angeles","33.9013890008739","-118.205"
"08/06/2019","AQS","060371302","1","20.6","ppb","19","Compton","23","96.0000","42602","Nitrogen dioxide (NO2)","31080","Los Angeles-Long Beach-Anaheim, CA","06","California","037","Los Angeles","33.9013890008739","-118.205"
"08/07/2019","AQS","060371302","1","11","ppb","10","Compton","23","96.0000","42602","Nitrogen dioxide (NO2)","31080","Los Angeles-Long Beach-Anaheim, CA","06","California","037","Los Angeles","33.9013890008739","-118.205"
"08/08/2019","AQS","060371302","1","14.7","ppb","13","Compton","19","79.0000","42602","Nitrogen dioxide (NO2)","31080","Los Angeles-Long Beach-Anaheim, CA","06","California","037","Los Angeles","33.9013890008739","-118.205"
"08/09/2019","AQS","060371302","1","16","ppb","15","Compton","24","100.0000","42602","Nitrogen dioxide (NO2)","31080","Los Angeles-Long Beach-Anaheim, CA","06","California","037","Los Angeles","33.9013890008739","-118.205"
"08/10/2019","AQS","060371302","1","21.9","ppb","20","Compton","24","100.0000","42602","Nitrogen dioxide (NO2)","31080","Los Angeles-Long Beach-Anaheim, CA","06","California","037","Los Angeles","33.9013890008739","-118.205"
"08/11/2019","AQS","060371302","1","12.6","ppb","11","Compton","24","100.0000","42602","Nitrogen dioxide (NO2)","31080","Los Angeles-Long Beach-Anaheim, CA","06","California","037","Los Angeles","33.9013890008739","-118.205"
"08/12/2019","AQS","060371302","1","15.1","ppb","14","Compton","24","100.0000","42602","Nitrogen dioxide (NO2)","31080","Los Angeles-Long Beach-Anaheim, CA","06","California","037","Los Angeles","33.9013890008739","-118.205"
"08/13/2019","AQS","060371302","1","21.1","ppb","20","Compton","24","100.0000","42602","Nitrogen dioxide (NO2)","31080","Los Angeles-Long Beach-Anaheim, CA","06","California","037","Los Angeles","33.9013890008739","-118.205"
"08/14/2019","AQS","060371302","1","16.3","ppb","15","Compton","24","100.0000","42602","Nitrogen dioxide (NO2)","31080","Los Angeles-Long Beach-Anaheim, CA","06","California","037","Los Angeles","33.9013890008739","-118.205"
"08/15/2019","AQS","060371302","1","22.4","ppb","21","Compton","24","100.0000","42602","Nitrogen dioxide (NO2)","31080","Los Angeles-Long Beach-Anaheim, CA","06","California","037","Los Angeles","33.9013890008739","-118.205"
"08/16/2019","AQS","060371302","1","19.9","ppb","18","Compton","24","100.0000","42602","Nitrogen dioxide (NO2)","31080","Los Angeles-Long Beach-Anaheim, CA","06","California","037","Los Angeles","33.9013890008739","-118.205"
"08/17/2019","AQS","060371302","1","7.4","ppb","7","Compton","24","100.0000","42602","Nitrogen dioxide (NO2)","31080","Los Angeles-Long Beach-Anaheim, CA","06","California","037","Los Angeles","33.9013890008739","-118.205"
"08/18/2019","AQS","060371302","1","5.3","ppb","5","Compton","24","100.0000","42602","Nitrogen dioxide (NO2)","31080","Los Angeles-Long Beach-Anaheim, CA","06","California","037","Los Angeles","33.9013890008739","-118.205"
"08/19/2019","AQS","060371302","1","15.2","ppb","14","Compton","24","100.0000","42602","Nitrogen dioxide (NO2)","31080","Los Angeles-Long Beach-Anaheim, CA","06","California","037","Los Angeles","33.9013890008739","-118.205"
"08/20/2019","AQS","060371302","1","26.5","ppb","25","Compton","24","100.0000","42602","Nitrogen dioxide (NO2)","31080","Los Angeles-Long Beach-Anaheim, CA","06","California","037","Los Angeles","33.9013890008739","-118.205"
"08/21/2019","AQS","060371302","1","34.6","ppb","32","Compton","24","100.0000","42602","Nitrogen dioxide (NO2)","31080","Los Angeles-Long Beach-Anaheim, CA","06","California","037","Los Angeles","33.9013890008739","-118.205"
"08/22/2019","AQS","060371302","1","22.1","ppb","21","Compton","24","100.0000","42602","Nitrogen dioxide (NO2)","31080","Los Angeles-Long Beach-Anaheim, CA","06","California","037","Los Angeles","33.9013890008739","-118.205"
"08/23/2019","AQS","060371302","1","13","ppb","12","Compton","24","100.0000","42602","Nitrogen dioxide (NO2)","31080","Los Angeles-Long Beach-Anaheim, CA","06","California","037","Los Angeles","33.9013890008739","-118.205"
"08/24/2019","AQS","060371302","1","16.3","ppb","15","Compton","24","100.0000","42602","Nitrogen dioxide (NO2)","31080","Los Angeles-Long Beach-Anaheim, CA","06","California","037","Los Angeles","33.9013890008739","-118.205"
"08/25/2019","AQS","060371302","1","26.9","ppb","25","Compton","24","100.0000","42602","Nitrogen dioxide (NO2)","31080","Los Angeles-Long Beach-Anaheim, CA","06","California","037","Los Angeles","33.9013890008739","-118.205"
"08/26/2019","AQS","060371302","1","22.9","ppb","21","Compton","24","100.0000","42602","Nitrogen dioxide (NO2)","31080","Los Angeles-Long Beach-Anaheim, CA","06","California","037","Los Angeles","33.9013890008739","-118.205"
"08/27/2019","AQS","060371302","1","19.6","ppb","18","Compton","24","100.0000","42602","Nitrogen dioxide (NO2)","31080","Los Angeles-Long Beach-Anaheim, CA","06","California","037","Los Angeles","33.9013890008739","-118.205"
"08/28/2019","AQS","060371302","1","12.3","ppb","11","Compton","24","100.0000","42602","Nitrogen dioxide (NO2)","31080","Los Angeles-Long Beach-Anaheim, CA","06","California","037","Los Angeles","33.9013890008739","-118.205"
"08/29/2019","AQS","060371302","1","19.4","ppb","18","Compton","24","100.0000","42602","Nitrogen dioxide (NO2)","31080","Los Angeles-Long Beach-Anaheim, CA","06","California","037","Los Angeles","33.9013890008739","-118.205"
"08/30/2019","AQS","060371302","1","20","ppb","19","Compton","24","100.0000","42602","Nitrogen dioxide (NO2)","31080","Los Angeles-Long Beach-Anaheim, CA","06","California","037","Los Angeles","33.9013890008739","-118.205"
"08/31/2019","AQS","060371302","1","22.9","ppb","21","Compton","24","100.0000","42602","Nitrogen dioxide (NO2)","31080","Los Angeles-Long Beach-Anaheim, CA","06","California","037","Los Angeles","33.9013890008739","-118.205"
"09/01/2019","AQS","060371302","1","16","ppb","15","Compton","24","100.0000","42602","Nitrogen dioxide (NO2)","31080","Los Angeles-Long Beach-Anaheim, CA","06","California","037","Los Angeles","33.9013890008739","-118.205"
"09/02/2019","AQS","060371302","1","18","ppb","17","Compton","24","100.0000","42602","Nitrogen dioxide (NO2)","31080","Los Angeles-Long Beach-Anaheim, CA","06","California","037","Los Angeles","33.9013890008739","-118.205"
"09/03/2019","AQS","060371302","1","40.7","ppb","38","Compton","24","100.0000","42602","Nitrogen dioxide (NO2)","31080","Los Angeles-Long Beach-Anaheim, CA","06","California","037","Los Angeles","33.9013890008739","-118.205"
"09/04/2019","AQS","060371302","1","35.7","ppb","33","Compton","24","100.0000","42602","Nitrogen dioxide (NO2)","31080","Los Angeles-Long Beach-Anaheim, CA","06","California","037","Los Angeles","33.9013890008739","-118.205"
"09/05/2019","AQS","060371302","1","28.9","ppb","26","Compton","24","100.0000","42602","Nitrogen dioxide (NO2)","31080","Los Angeles-Long Beach-Anaheim, CA","06","California","037","Los Angeles","33.9013890008739","-118.205"
"09/06/2019","AQS","060371302","1","26.7","ppb","25","Compton","24","100.0000","42602","Nitrogen dioxide (NO2)","31080","Los Angeles-Long Beach-Anaheim, CA","06","California","037","Los Angeles","33.9013890008739","-118.205"
"09/07/2019","AQS","060371302","1","21.6","ppb","20","Compton","24","100.0000","42602","Nitrogen dioxide (NO2)","31080","Los Angeles-Long Beach-Anaheim, CA","06","California","037","Los Angeles","33.9013890008739","-118.205"
"09/08/2019","AQS","060371302","1","21.4","ppb","20","Compton","24","100.0000","42602","Nitrogen dioxide (NO2)","31080","Los Angeles-Long Beach-Anaheim, CA","06","California","037","Los Angeles","33.9013890008739","-118.205"
"09/09/2019","AQS","060371302","1","22.8","ppb","21","Compton","24","100.0000","42602","Nitrogen dioxide (NO2)","31080","Los Angeles-Long Beach-Anaheim, CA","06","California","037","Los Angeles","33.9013890008739","-118.205"
"09/10/2019","AQS","060371302","1","17.3","ppb","16","Compton","24","100.0000","42602","Nitrogen dioxide (NO2)","31080","Los Angeles-Long Beach-Anaheim, CA","06","California","037","Los Angeles","33.9013890008739","-118.205"
"09/11/2019","AQS","060371302","1","21.3","ppb","20","Compton","24","100.0000","42602","Nitrogen dioxide (NO2)","31080","Los Angeles-Long Beach-Anaheim, CA","06","California","037","Los Angeles","33.9013890008739","-118.205"
"09/12/2019","AQS","060371302","1","28.6","ppb","26","Compton","24","100.0000","42602","Nitrogen dioxide (NO2)","31080","Los Angeles-Long Beach-Anaheim, CA","06","California","037","Los Angeles","33.9013890008739","-118.205"
"09/13/2019","AQS","060371302","1","27.5","ppb","25","Compton","24","100.0000","42602","Nitrogen dioxide (NO2)","31080","Los Angeles-Long Beach-Anaheim, CA","06","California","037","Los Angeles","33.9013890008739","-118.205"
"09/14/2019","AQS","060371302","1","30.3","ppb","28","Compton","24","100.0000","42602","Nitrogen dioxide (NO2)","31080","Los Angeles-Long Beach-Anaheim, CA","06","California","037","Los Angeles","33.9013890008739","-118.205"
"09/15/2019","AQS","060371302","1","18","ppb","17","Compton","24","100.0000","42602","Nitrogen dioxide (NO2)","31080","Los Angeles-Long Beach-Anaheim, CA","06","California","037","Los Angeles","33.9013890008739","-118.205"
"09/16/2019","AQS","060371302","1","18.4","ppb","17","Compton","24","100.0000","42602","Nitrogen dioxide (NO2)","31080","Los Angeles-Long Beach-Anaheim, CA","06","California","037","Los Angeles","33.9013890008739","-118.205"
"09/17/2019","AQS","060371302","1","23.2","ppb","22","Compton","24","100.0000","42602","Nitrogen dioxide (NO2)","31080","Los Angeles-Long Beach-Anaheim, CA","06","California","037","Los Angeles","33.9013890008739","-118.205"
"09/18/2019","AQS","060371302","1","25.1","ppb","24","Compton","24","100.0000","42602","Nitrogen dioxide (NO2)","31080","Los Angeles-Long Beach-Anaheim, CA","06","California","037","Los Angeles","33.9013890008739","-118.205"
"09/19/2019","AQS","060371302","1","19","ppb","18","Compton","24","100.0000","42602","Nitrogen dioxide (NO2)","31080","Los Angeles-Long Beach-Anaheim, CA","06","California","037","Los Angeles","33.9013890008739","-118.205"
"09/20/2019","AQS","060371302","1","20.8","ppb","19","Compton","24","100.0000","42602","Nitrogen dioxide (NO2)","31080","Los Angeles-Long Beach-Anaheim, CA","06","California","037","Los Angeles","33.9013890008739","-118.205"
"09/21/2019","AQS","060371302","1","21","ppb","20","Compton","24","100.0000","42602","Nitrogen dioxide (NO2)","31080","Los Angeles-Long Beach-Anaheim, CA","06","California","037","Los Angeles","33.9013890008739","-118.205"
"09/22/2019","AQS","060371302","1","25.5","ppb","24","Compton","24","100.0000","42602","Nitrogen dioxide (NO2)","31080","Los Angeles-Long Beach-Anaheim, CA","06","California","037","Los Angeles","33.9013890008739","-118.205"
"09/23/2019","AQS","060371302","1","24.1","ppb","23","Compton","24","100.0000","42602","Nitrogen dioxide (NO2)","31080","Los Angeles-Long Beach-Anaheim, CA","06","California","037","Los Angeles","33.9013890008739","-118.205"
"09/24/2019","AQS","060371302","1","25.2","ppb","24","Compton","24","100.0000","42602","Nitrogen dioxide (NO2)","31080","Los Angeles-Long Beach-Anaheim, CA","06","California","037","Los Angeles","33.9013890008739","-118.205"
"09/25/2019","AQS","060371302","1","11.5","ppb","10","Compton","24","100.0000","42602","Nitrogen dioxide (NO2)","31080","Los Angeles-Long Beach-Anaheim, CA","06","California","037","Los Angeles","33.9013890008739","-118.205"
"09/26/2019","AQS","060371302","1","11.2","ppb","10","Compton","24","100.0000","42602","Nitrogen dioxide (NO2)","31080","Los Angeles-Long Beach-Anaheim, CA","06","California","037","Los Angeles","33.9013890008739","-118.205"
"09/27/2019","AQS","060371302","1","7.2","ppb","7","Compton","24","100.0000","42602","Nitrogen dioxide (NO2)","31080","Los Angeles-Long Beach-Anaheim, CA","06","California","037","Los Angeles","33.9013890008739","-118.205"
"09/28/2019","AQS","060371302","1","10","ppb","9","Compton","24","100.0000","42602","Nitrogen dioxide (NO2)","31080","Los Angeles-Long Beach-Anaheim, CA","06","California","037","Los Angeles","33.9013890008739","-118.205"
"09/29/2019","AQS","060371302","1","24.8","ppb","23","Compton","24","100.0000","42602","Nitrogen dioxide (NO2)","31080","Los Angeles-Long Beach-Anaheim, CA","06","California","037","Los Angeles","33.9013890008739","-118.205"
"09/30/2019","AQS","060371302","1","24.4","ppb","23","Compton","24","100.0000","42602","Nitrogen dioxide (NO2)","31080","Los Angeles-Long Beach-Anaheim, CA","06","California","037","Los Angeles","33.9013890008739","-118.205"
"10/01/2019","AQS","060371302","1","30.3","ppb","28","Compton","24","100.0000","42602","Nitrogen dioxide (NO2)","31080","Los Angeles-Long Beach-Anaheim, CA","06","California","037","Los Angeles","33.9013890008739","-118.205"
"10/02/2019","AQS","060371302","1","36.9","ppb","34","Compton","24","100.0000","42602","Nitrogen dioxide (NO2)","31080","Los Angeles-Long Beach-Anaheim, CA","06","California","037","Los Angeles","33.9013890008739","-118.205"
"10/03/2019","AQS","060371302","1","41.6","ppb","39","Compton","24","100.0000","42602","Nitrogen dioxide (NO2)","31080","Los Angeles-Long Beach-Anaheim, CA","06","California","037","Los Angeles","33.9013890008739","-118.205"
"10/04/2019","AQS","060371302","1","34.5","ppb","32","Compton","24","100.0000","42602","Nitrogen dioxide (NO2)","31080","Los Angeles-Long Beach-Anaheim, CA","06","California","037","Los Angeles","33.9013890008739","-118.205"
"10/05/2019","AQS","060371302","1","37.1","ppb","35","Compton","24","100.0000","42602","Nitrogen dioxide (NO2)","31080","Los Angeles-Long Beach-Anaheim, CA","06","California","037","Los Angeles","33.9013890008739","-118.205"
"10/09/2019","AQS","060371302","1","19.9","ppb","18","Compton","19","79.0000","42602","Nitrogen dioxide (NO2)","31080","Los Angeles-Long Beach-Anaheim, CA","06","California","037","Los Angeles","33.9013890008739","-118.205"
"10/10/2019","AQS","060371302","1","42","ppb","40","Compton","22","92.0000","42602","Nitrogen dioxide (NO2)","31080","Los Angeles-Long Beach-Anaheim, CA","06","California","037","Los Angeles","33.9013890008739","-118.205"
"10/11/2019","AQS","060371302","1","47.5","ppb","44","Compton","24","100.0000","42602","Nitrogen dioxide (NO2)","31080","Los Angeles-Long Beach-Anaheim, CA","06","California","037","Los Angeles","33.9013890008739","-118.205"
"10/12/2019","AQS","060371302","1","38.2","ppb","36","Compton","24","100.0000","42602","Nitrogen dioxide (NO2)","31080","Los Angeles-Long Beach-Anaheim, CA","06","California","037","Los Angeles","33.9013890008739","-118.205"
"10/13/2019","AQS","060371302","1","33.9","ppb","31","Compton","24","100.0000","42602","Nitrogen dioxide (NO2)","31080","Los Angeles-Long Beach-Anaheim, CA","06","California","037","Los Angeles","33.9013890008739","-118.205"
"10/14/2019","AQS","060371302","1","36.5","ppb","34","Compton","24","100.0000","42602","Nitrogen dioxide (NO2)","31080","Los Angeles-Long Beach-Anaheim, CA","06","California","037","Los Angeles","33.9013890008739","-118.205"
"10/15/2019","AQS","060371302","1","41.8","ppb","39","Compton","24","100.0000","42602","Nitrogen dioxide (NO2)","31080","Los Angeles-Long Beach-Anaheim, CA","06","California","037","Los Angeles","33.9013890008739","-118.205"
"10/16/2019","AQS","060371302","1","59.5","ppb","56","Compton","24","100.0000","42602","Nitrogen dioxide (NO2)","31080","Los Angeles-Long Beach-Anaheim, CA","06","California","037","Los Angeles","33.9013890008739","-118.205"
"10/17/2019","AQS","060371302","1","27.9","ppb","25","Compton","24","100.0000","42602","Nitrogen dioxide (NO2)","31080","Los Angeles-Long Beach-Anaheim, CA","06","California","037","Los Angeles","33.9013890008739","-118.205"
"10/18/2019","AQS","060371302","1","34","ppb","32","Compton","24","100.0000","42602","Nitrogen dioxide (NO2)","31080","Los Angeles-Long Beach-Anaheim, CA","06","California","037","Los Angeles","33.9013890008739","-118.205"
"10/19/2019","AQS","060371302","1","34.3","ppb","32","Compton","24","100.0000","42602","Nitrogen dioxide (NO2)","31080","Los Angeles-Long Beach-Anaheim, CA","06","California","037","Los Angeles","33.9013890008739","-118.205"
"10/20/2019","AQS","060371302","1","34.2","ppb","32","Compton","24","100.0000","42602","Nitrogen dioxide (NO2)","31080","Los Angeles-Long Beach-Anaheim, CA","06","California","037","Los Angeles","33.9013890008739","-118.205"
"10/21/2019","AQS","060371302","1","43.7","ppb","41","Compton","24","100.0000","42602","Nitrogen dioxide (NO2)","31080","Los Angeles-Long Beach-Anaheim, CA","06","California","037","Los Angeles","33.9013890008739","-118.205"
"10/22/2019","AQS","060371302","1","46.7","ppb","43","Compton","24","100.0000","42602","Nitrogen dioxide (NO2)","31080","Los Angeles-Long Beach-Anaheim, CA","06","California","037","Los Angeles","33.9013890008739","-118.205"
"10/23/2019","AQS","060371302","1","52.8","ppb","49","Compton","24","100.0000","42602","Nitrogen dioxide (NO2)","31080","Los Angeles-Long Beach-Anaheim, CA","06","California","037","Los Angeles","33.9013890008739","-118.205"
"10/24/2019","AQS","060371302","1","70","ppb","68","Compton","24","100.0000","42602","Nitrogen dioxide (NO2)","31080","Los Angeles-Long Beach-Anaheim, CA","06","California","037","Los Angeles","33.9013890008739","-118.205"
"10/25/2019","AQS","060371302","1","53.1","ppb","50","Compton","24","100.0000","42602","Nitrogen dioxide (NO2)","31080","Los Angeles-Long Beach-Anaheim, CA","06","California","037","Los Angeles","33.9013890008739","-118.205"
"10/26/2019","AQS","060371302","1","47","ppb","44","Compton","24","100.0000","42602","Nitrogen dioxide (NO2)","31080","Los Angeles-Long Beach-Anaheim, CA","06","California","037","Los Angeles","33.9013890008739","-118.205"
"10/27/2019","AQS","060371302","1","18.5","ppb","17","Compton","24","100.0000","42602","Nitrogen dioxide (NO2)","31080","Los Angeles-Long Beach-Anaheim, CA","06","California","037","Los Angeles","33.9013890008739","-118.205"
"10/28/2019","AQS","060371302","1","37.3","ppb","35","Compton","24","100.0000","42602","Nitrogen dioxide (NO2)","31080","Los Angeles-Long Beach-Anaheim, CA","06","California","037","Los Angeles","33.9013890008739","-118.205"
"10/29/2019","AQS","060371302","1","45.9","ppb","42","Compton","24","100.0000","42602","Nitrogen dioxide (NO2)","31080","Los Angeles-Long Beach-Anaheim, CA","06","California","037","Los Angeles","33.9013890008739","-118.205"
"10/30/2019","AQS","060371302","1","39.5","ppb","37","Compton","24","100.0000","42602","Nitrogen dioxide (NO2)","31080","Los Angeles-Long Beach-Anaheim, CA","06","California","037","Los Angeles","33.9013890008739","-118.205"
"10/31/2019","AQS","060371302","1","43.2","ppb","41","Compton","24","100.0000","42602","Nitrogen dioxide (NO2)","31080","Los Angeles-Long Beach-Anaheim, CA","06","California","037","Los Angeles","33.9013890008739","-118.205"
"11/01/2019","AQS","060371302","1","46.9","ppb","43","Compton","24","100.0000","42602","Nitrogen dioxide (NO2)","31080","Los Angeles-Long Beach-Anaheim, CA","06","California","037","Los Angeles","33.9013890008739","-118.205"
"11/02/2019","AQS","060371302","1","52.8","ppb","49","Compton","24","100.0000","42602","Nitrogen dioxide (NO2)","31080","Los Angeles-Long Beach-Anaheim, CA","06","California","037","Los Angeles","33.9013890008739","-118.205"
"11/03/2019","AQS","060371302","1","43","ppb","41","Compton","24","100.0000","42602","Nitrogen dioxide (NO2)","31080","Los Angeles-Long Beach-Anaheim, CA","06","California","037","Los Angeles","33.9013890008739","-118.205"
"11/04/2019","AQS","060371302","1","57","ppb","54","Compton","24","100.0000","42602","Nitrogen dioxide (NO2)","31080","Los Angeles-Long Beach-Anaheim, CA","06","California","037","Los Angeles","33.9013890008739","-118.205"
"11/05/2019","AQS","060371302","1","45.5","ppb","42","Compton","24","100.0000","42602","Nitrogen dioxide (NO2)","31080","Los Angeles-Long Beach-Anaheim, CA","06","California","037","Los Angeles","33.9013890008739","-118.205"
"11/06/2019","AQS","060371302","1","35","ppb","33","Compton","24","100.0000","42602","Nitrogen dioxide (NO2)","31080","Los Angeles-Long Beach-Anaheim, CA","06","California","037","Los Angeles","33.9013890008739","-118.205"
"11/07/2019","AQS","060371302","1","30.5","ppb","28","Compton","24","100.0000","42602","Nitrogen dioxide (NO2)","31080","Los Angeles-Long Beach-Anaheim, CA","06","California","037","Los Angeles","33.9013890008739","-118.205"
"11/08/2019","AQS","060371302","1","62.7","ppb","60","Compton","24","100.0000","42602","Nitrogen dioxide (NO2)","31080","Los Angeles-Long Beach-Anaheim, CA","06","California","037","Los Angeles","33.9013890008739","-118.205"
"11/09/2019","AQS","060371302","1","41.6","ppb","39","Compton","24","100.0000","42602","Nitrogen dioxide (NO2)","31080","Los Angeles-Long Beach-Anaheim, CA","06","California","037","Los Angeles","33.9013890008739","-118.205"
"11/10/2019","AQS","060371302","1","32.5","ppb","30","Compton","24","100.0000","42602","Nitrogen dioxide (NO2)","31080","Los Angeles-Long Beach-Anaheim, CA","06","California","037","Los Angeles","33.9013890008739","-118.205"
"11/11/2019","AQS","060371302","1","25.8","ppb","24","Compton","24","100.0000","42602","Nitrogen dioxide (NO2)","31080","Los Angeles-Long Beach-Anaheim, CA","06","California","037","Los Angeles","33.9013890008739","-118.205"
"11/12/2019","AQS","060371302","1","23.5","ppb","22","Compton","24","100.0000","42602","Nitrogen dioxide (NO2)","31080","Los Angeles-Long Beach-Anaheim, CA","06","California","037","Los Angeles","33.9013890008739","-118.205"
"11/13/2019","AQS","060371302","1","33.4","ppb","31","Compton","24","100.0000","42602","Nitrogen dioxide (NO2)","31080","Los Angeles-Long Beach-Anaheim, CA","06","California","037","Los Angeles","33.9013890008739","-118.205"
"11/14/2019","AQS","060371302","1","33.9","ppb","31","Compton","24","100.0000","42602","Nitrogen dioxide (NO2)","31080","Los Angeles-Long Beach-Anaheim, CA","06","California","037","Los Angeles","33.9013890008739","-118.205"
"11/15/2019","AQS","060371302","1","28.2","ppb","26","Compton","24","100.0000","42602","Nitrogen dioxide (NO2)","31080","Los Angeles-Long Beach-Anaheim, CA","06","California","037","Los Angeles","33.9013890008739","-118.205"
"11/16/2019","AQS","060371302","1","33.1","ppb","31","Compton","24","100.0000","42602","Nitrogen dioxide (NO2)","31080","Los Angeles-Long Beach-Anaheim, CA","06","California","037","Los Angeles","33.9013890008739","-118.205"
"11/17/2019","AQS","060371302","1","51.3","ppb","48","Compton","24","100.0000","42602","Nitrogen dioxide (NO2)","31080","Los Angeles-Long Beach-Anaheim, CA","06","California","037","Los Angeles","33.9013890008739","-118.205"
"11/18/2019","AQS","060371302","1","45.3","ppb","42","Compton","24","100.0000","42602","Nitrogen dioxide (NO2)","31080","Los Angeles-Long Beach-Anaheim, CA","06","California","037","Los Angeles","33.9013890008739","-118.205"
"11/19/2019","AQS","060371302","1","58.3","ppb","55","Compton","24","100.0000","42602","Nitrogen dioxide (NO2)","31080","Los Angeles-Long Beach-Anaheim, CA","06","California","037","Los Angeles","33.9013890008739","-118.205"
"11/20/2019","AQS","060371302","1","32.5","ppb","30","Compton","22","92.0000","42602","Nitrogen dioxide (NO2)","31080","Los Angeles-Long Beach-Anaheim, CA","06","California","037","Los Angeles","33.9013890008739","-118.205"
"11/21/2019","AQS","060371302","1","35.1","ppb","33","Compton","24","100.0000","42602","Nitrogen dioxide (NO2)","31080","Los Angeles-Long Beach-Anaheim, CA","06","California","037","Los Angeles","33.9013890008739","-118.205"
"11/22/2019","AQS","060371302","1","41","ppb","39","Compton","24","100.0000","42602","Nitrogen dioxide (NO2)","31080","Los Angeles-Long Beach-Anaheim, CA","06","California","037","Los Angeles","33.9013890008739","-118.205"
"11/23/2019","AQS","060371302","1","40.6","ppb","38","Compton","24","100.0000","42602","Nitrogen dioxide (NO2)","31080","Los Angeles-Long Beach-Anaheim, CA","06","California","037","Los Angeles","33.9013890008739","-118.205"
"11/24/2019","AQS","060371302","1","36.2","ppb","34","Compton","24","100.0000","42602","Nitrogen dioxide (NO2)","31080","Los Angeles-Long Beach-Anaheim, CA","06","California","037","Los Angeles","33.9013890008739","-118.205"
"11/25/2019","AQS","060371302","1","38.1","ppb","36","Compton","24","100.0000","42602","Nitrogen dioxide (NO2)","31080","Los Angeles-Long Beach-Anaheim, CA","06","California","037","Los Angeles","33.9013890008739","-118.205"
"11/26/2019","AQS","060371302","1","38.3","ppb","36","Compton","24","100.0000","42602","Nitrogen dioxide (NO2)","31080","Los Angeles-Long Beach-Anaheim, CA","06","California","037","Los Angeles","33.9013890008739","-118.205"
"11/27/2019","AQS","060371302","1","37.4","ppb","35","Compton","24","100.0000","42602","Nitrogen dioxide (NO2)","31080","Los Angeles-Long Beach-Anaheim, CA","06","California","037","Los Angeles","33.9013890008739","-118.205"
"11/28/2019","AQS","060371302","1","19","ppb","18","Compton","24","100.0000","42602","Nitrogen dioxide (NO2)","31080","Los Angeles-Long Beach-Anaheim, CA","06","California","037","Los Angeles","33.9013890008739","-118.205"
"11/29/2019","AQS","060371302","1","29.4","ppb","27","Compton","23","96.0000","42602","Nitrogen dioxide (NO2)","31080","Los Angeles-Long Beach-Anaheim, CA","06","California","037","Los Angeles","33.9013890008739","-118.205"
"11/30/2019","AQS","060371302","1","27.8","ppb","25","Compton","23","96.0000","42602","Nitrogen dioxide (NO2)","31080","Los Angeles-Long Beach-Anaheim, CA","06","California","037","Los Angeles","33.9013890008739","-118.205"
"12/01/2019","AQS","060371302","1","33.8","ppb","31","Compton","24","100.0000","42602","Nitrogen dioxide (NO2)","31080","Los Angeles-Long Beach-Anaheim, CA","06","California","037","Los Angeles","33.9013890008739","-118.205"
"12/02/2019","AQS","060371302","1","36.3","ppb","34","Compton","24","100.0000","42602","Nitrogen dioxide (NO2)","31080","Los Angeles-Long Beach-Anaheim, CA","06","California","037","Los Angeles","33.9013890008739","-118.205"
"12/03/2019","AQS","060371302","1","49.3","ppb","46","Compton","24","100.0000","42602","Nitrogen dioxide (NO2)","31080","Los Angeles-Long Beach-Anaheim, CA","06","California","037","Los Angeles","33.9013890008739","-118.205"
"12/04/2019","AQS","060371302","1","33.7","ppb","31","Compton","18","75.0000","42602","Nitrogen dioxide (NO2)","31080","Los Angeles-Long Beach-Anaheim, CA","06","California","037","Los Angeles","33.9013890008739","-118.205"
"12/05/2019","AQS","060371302","1","34.3","ppb","32","Compton","21","88.0000","42602","Nitrogen dioxide (NO2)","31080","Los Angeles-Long Beach-Anaheim, CA","06","California","037","Los Angeles","33.9013890008739","-118.205"
"12/07/2019","AQS","060371302","1","29.7","ppb","27","Compton","24","100.0000","42602","Nitrogen dioxide (NO2)","31080","Los Angeles-Long Beach-Anaheim, CA","06","California","037","Los Angeles","33.9013890008739","-118.205"
"12/08/2019","AQS","060371302","1","23.7","ppb","22","Compton","24","100.0000","42602","Nitrogen dioxide (NO2)","31080","Los Angeles-Long Beach-Anaheim, CA","06","California","037","Los Angeles","33.9013890008739","-118.205"
"12/09/2019","AQS","060371302","1","31.2","ppb","29","Compton","24","100.0000","42602","Nitrogen dioxide (NO2)","31080","Los Angeles-Long Beach-Anaheim, CA","06","California","037","Los Angeles","33.9013890008739","-118.205"
"12/13/2019","AQS","060371302","1","30.9","ppb","28","Compton","18","75.0000","42602","Nitrogen dioxide (NO2)","31080","Los Angeles-Long Beach-Anaheim, CA","06","California","037","Los Angeles","33.9013890008739","-118.205"
"12/14/2019","AQS","060371302","1","32.2","ppb","30","Compton","24","100.0000","42602","Nitrogen dioxide (NO2)","31080","Los Angeles-Long Beach-Anaheim, CA","06","California","037","Los Angeles","33.9013890008739","-118.205"
"12/15/2019","AQS","060371302","1","35.6","ppb","33","Compton","24","100.0000","42602","Nitrogen dioxide (NO2)","31080","Los Angeles-Long Beach-Anaheim, CA","06","California","037","Los Angeles","33.9013890008739","-118.205"
"12/16/2019","AQS","060371302","1","41.3","ppb","39","Compton","24","100.0000","42602","Nitrogen dioxide (NO2)","31080","Los Angeles-Long Beach-Anaheim, CA","06","California","037","Los Angeles","33.9013890008739","-118.205"
"12/17/2019","AQS","060371302","1","42.7","ppb","40","Compton","21","88.0000","42602","Nitrogen dioxide (NO2)","31080","Los Angeles-Long Beach-Anaheim, CA","06","California","037","Los Angeles","33.9013890008739","-118.205"
"12/18/2019","AQS","060371302","1","40.9","ppb","38","Compton","19","79.0000","42602","Nitrogen dioxide (NO2)","31080","Los Angeles-Long Beach-Anaheim, CA","06","California","037","Los Angeles","33.9013890008739","-118.205"
"12/19/2019","AQS","060371302","1","47.3","ppb","44","Compton","24","100.0000","42602","Nitrogen dioxide (NO2)","31080","Los Angeles-Long Beach-Anaheim, CA","06","California","037","Los Angeles","33.9013890008739","-118.205"
"12/20/2019","AQS","060371302","1","45.8","ppb","42","Compton","24","100.0000","42602","Nitrogen dioxide (NO2)","31080","Los Angeles-Long Beach-Anaheim, CA","06","California","037","Los Angeles","33.9013890008739","-118.205"
"12/21/2019","AQS","060371302","1","42.3","ppb","40","Compton","24","100.0000","42602","Nitrogen dioxide (NO2)","31080","Los Angeles-Long Beach-Anaheim, CA","06","California","037","Los Angeles","33.9013890008739","-118.205"
"12/22/2019","AQS","060371302","1","33.1","ppb","31","Compton","24","100.0000","42602","Nitrogen dioxide (NO2)","31080","Los Angeles-Long Beach-Anaheim, CA","06","California","037","Los Angeles","33.9013890008739","-118.205"
"12/23/2019","AQS","060371302","1","30.3","ppb","28","Compton","24","100.0000","42602","Nitrogen dioxide (NO2)","31080","Los Angeles-Long Beach-Anaheim, CA","06","California","037","Los Angeles","33.9013890008739","-118.205"
"12/24/2019","AQS","060371302","1","25.9","ppb","24","Compton","23","96.0000","42602","Nitrogen dioxide (NO2)","31080","Los Angeles-Long Beach-Anaheim, CA","06","California","037","Los Angeles","33.9013890008739","-118.205"
"12/25/2019","AQS","060371302","1","24.1","ppb","23","Compton","24","100.0000","42602","Nitrogen dioxide (NO2)","31080","Los Angeles-Long Beach-Anaheim, CA","06","California","037","Los Angeles","33.9013890008739","-118.205"
"12/26/2019","AQS","060371302","1","34","ppb","32","Compton","24","100.0000","42602","Nitrogen dioxide (NO2)","31080","Los Angeles-Long Beach-Anaheim, CA","06","California","037","Los Angeles","33.9013890008739","-118.205"
"12/27/2019","AQS","060371302","1","35.8","ppb","33","Compton","24","100.0000","42602","Nitrogen dioxide (NO2)","31080","Los Angeles-Long Beach-Anaheim, CA","06","California","037","Los Angeles","33.9013890008739","-118.205"
"12/28/2019","AQS","060371302","1","32","ppb","30","Compton","24","100.0000","42602","Nitrogen dioxide (NO2)","31080","Los Angeles-Long Beach-Anaheim, CA","06","California","037","Los Angeles","33.9013890008739","-118.205"
"12/29/2019","AQS","060371302","1","32.2","ppb","30","Compton","24","100.0000","42602","Nitrogen dioxide (NO2)","31080","Los Angeles-Long Beach-Anaheim, CA","06","California","037","Los Angeles","33.9013890008739","-118.205"
"12/30/2019","AQS","060371302","1","38.7","ppb","36","Compton","24","100.0000","42602","Nitrogen dioxide (NO2)","31080","Los Angeles-Long Beach-Anaheim, CA","06","California","037","Los Angeles","33.9013890008739","-118.205"
"12/31/2019","AQS","060371302","1","40.6","ppb","38","Compton","24","100.0000","42602","Nitrogen dioxide (NO2)","31080","Los Angeles-Long Beach-Anaheim, CA","06","California","037","Los Angeles","33.9013890008739","-118.205"
