"Date","Source","Site ID","POC","Daily Mean PM10 Concentration","UNITS","DAILY_AQI_VALUE","Site Name","DAILY_OBS_COUNT","PERCENT_COMPLETE","AQS_PARAMETER_CODE","AQS_PARAMETER_DESC","CBSA_CODE","CBSA_NAME","STATE_CODE","STATE","COUNTY_CODE","COUNTY","SITE_LATITUDE","SITE_LONGITUDE"
"01/01/2019","AQS","060379033","2","7","ug/m3 SC","6","Lancaster-Division Street","1","100.0000","81102","PM10 Total 0-10um STP","31080","Los Angeles-Long Beach-Anaheim, CA","06","California","037","Los Angeles","34.6697390008831","-118.130511"
"01/02/2019","AQS","060379033","2","16","ug/m3 SC","15","Lancaster-Division Street","1","100.0000","81102","PM10 Total 0-10um STP","31080","Los Angeles-Long Beach-Anaheim, CA","06","California","037","Los Angeles","34.6697390008831","-118.130511"
"01/03/2019","AQS","060379033","2","29","ug/m3 SC","27","Lancaster-Division Street","1","100.0000","81102","PM10 Total 0-10um STP","31080","Los Angeles-Long Beach-Anaheim, CA","06","California","037","Los Angeles","34.6697390008831","-118.130511"
"01/04/2019","AQS","060379033","2","27","ug/m3 SC","25","Lancaster-Division Street","1","100.0000","81102","PM10 Total 0-10um STP","31080","Los Angeles-Long Beach-Anaheim, CA","06","California","037","Los Angeles","34.6697390008831","-118.130511"
"01/05/2019","AQS","060379033","2","18","ug/m3 SC","17","Lancaster-Division Street","1","100.0000","81102","PM10 Total 0-10um STP","31080","Los Angeles-Long Beach-Anaheim, CA","06","California","037","Los Angeles","34.6697390008831","-118.130511"
"01/06/2019","AQS","060379033","2","3","ug/m3 SC","3","Lancaster-Division Street","1","100.0000","81102","PM10 Total 0-10um STP","31080","Los Angeles-Long Beach-Anaheim, CA","06","California","037","Los Angeles","34.6697390008831","-118.130511"
"01/07/2019","AQS","060379033","2","4","ug/m3 SC","4","Lancaster-Division Street","1","100.0000","81102","PM10 Total 0-10um STP","31080","Los Angeles-Long Beach-Anaheim, CA","06","California","037","Los Angeles","34.6697390008831","-118.130511"
"01/08/2019","AQS","060379033","2","12","ug/m3 SC","11","Lancaster-Division Street","1","100.0000","81102","PM10 Total 0-10um STP","31080","Los Angeles-Long Beach-Anaheim, CA","06","California","037","Los Angeles","34.6697390008831","-118.130511"
"01/09/2019","AQS","060379033","2","13","ug/m3 SC","12","Lancaster-Division Street","1","100.0000","81102","PM10 Total 0-10um STP","31080","Los Angeles-Long Beach-Anaheim, CA","06","California","037","Los Angeles","34.6697390008831","-118.130511"
"01/10/2019","AQS","060379033","2","13","ug/m3 SC","12","Lancaster-Division Street","1","100.0000","81102","PM10 Total 0-10um STP","31080","Los Angeles-Long Beach-Anaheim, CA","06","California","037","Los Angeles","34.6697390008831","-118.130511"
"01/11/2019","AQS","060379033","2","18","ug/m3 SC","17","Lancaster-Division Street","1","100.0000","81102","PM10 Total 0-10um STP","31080","Los Angeles-Long Beach-Anaheim, CA","06","California","037","Los Angeles","34.6697390008831","-118.130511"
"01/12/2019","AQS","060379033","2","5","ug/m3 SC","5","Lancaster-Division Street","1","100.0000","81102","PM10 Total 0-10um STP","31080","Los Angeles-Long Beach-Anaheim, CA","06","California","037","Los Angeles","34.6697390008831","-118.130511"
"01/13/2019","AQS","060379033","2","4","ug/m3 SC","4","Lancaster-Division Street","1","100.0000","81102","PM10 Total 0-10um STP","31080","Los Angeles-Long Beach-Anaheim, CA","06","California","037","Los Angeles","34.6697390008831","-118.130511"
"01/14/2019","AQS","060379033","2","3","ug/m3 SC","3","Lancaster-Division Street","1","100.0000","81102","PM10 Total 0-10um STP","31080","Los Angeles-Long Beach-Anaheim, CA","06","California","037","Los Angeles","34.6697390008831","-118.130511"
"01/15/2019","AQS","060379033","2","4","ug/m3 SC","4","Lancaster-Division Street","1","100.0000","81102","PM10 Total 0-10um STP","31080","Los Angeles-Long Beach-Anaheim, CA","06","California","037","Los Angeles","34.6697390008831","-118.130511"
"01/16/2019","AQS","060379033","2","3","ug/m3 SC","3","Lancaster-Division Street","1","100.0000","81102","PM10 Total 0-10um STP","31080","Los Angeles-Long Beach-Anaheim, CA","06","California","037","Los Angeles","34.6697390008831","-118.130511"
"01/17/2019","AQS","060379033","2","2","ug/m3 SC","2","Lancaster-Division Street","1","100.0000","81102","PM10 Total 0-10um STP","31080","Los Angeles-Long Beach-Anaheim, CA","06","California","037","Los Angeles","34.6697390008831","-118.130511"
"01/18/2019","AQS","060379033","2","6","ug/m3 SC","6","Lancaster-Division Street","1","100.0000","81102","PM10 Total 0-10um STP","31080","Los Angeles-Long Beach-Anaheim, CA","06","California","037","Los Angeles","34.6697390008831","-118.130511"
"01/19/2019","AQS","060379033","2","12","ug/m3 SC","11","Lancaster-Division Street","1","100.0000","81102","PM10 Total 0-10um STP","31080","Los Angeles-Long Beach-Anaheim, CA","06","California","037","Los Angeles","34.6697390008831","-118.130511"
"01/20/2019","AQS","060379033","2","6","ug/m3 SC","6","Lancaster-Division Street","1","100.0000","81102","PM10 Total 0-10um STP","31080","Los Angeles-Long Beach-Anaheim, CA","06","California","037","Los Angeles","34.6697390008831","-118.130511"
"01/21/2019","AQS","060379033","2","6","ug/m3 SC","6","Lancaster-Division Street","1","100.0000","81102","PM10 Total 0-10um STP","31080","Los Angeles-Long Beach-Anaheim, CA","06","California","037","Los Angeles","34.6697390008831","-118.130511"
"01/22/2019","AQS","060379033","2","9","ug/m3 SC","8","Lancaster-Division Street","1","100.0000","81102","PM10 Total 0-10um STP","31080","Los Angeles-Long Beach-Anaheim, CA","06","California","037","Los Angeles","34.6697390008831","-118.130511"
"01/23/2019","AQS","060379033","2","18","ug/m3 SC","17","Lancaster-Division Street","1","100.0000","81102","PM10 Total 0-10um STP","31080","Los Angeles-Long Beach-Anaheim, CA","06","California","037","Los Angeles","34.6697390008831","-118.130511"
"01/24/2019","AQS","060379033","2","14","ug/m3 SC","13","Lancaster-Division Street","1","100.0000","81102","PM10 Total 0-10um STP","31080","Los Angeles-Long Beach-Anaheim, CA","06","California","037","Los Angeles","34.6697390008831","-118.130511"
"01/25/2019","AQS","060379033","2","16","ug/m3 SC","15","Lancaster-Division Street","1","100.0000","81102","PM10 Total 0-10um STP","31080","Los Angeles-Long Beach-Anaheim, CA","06","California","037","Los Angeles","34.6697390008831","-118.130511"
"01/26/2019","AQS","060379033","2","12","ug/m3 SC","11","Lancaster-Division Street","1","100.0000","81102","PM10 Total 0-10um STP","31080","Los Angeles-Long Beach-Anaheim, CA","06","California","037","Los Angeles","34.6697390008831","-118.130511"
"01/27/2019","AQS","060379033","2","12","ug/m3 SC","11","Lancaster-Division Street","1","100.0000","81102","PM10 Total 0-10um STP","31080","Los Angeles-Long Beach-Anaheim, CA","06","California","037","Los Angeles","34.6697390008831","-118.130511"
"01/28/2019","AQS","060379033","2","21","ug/m3 SC","19","Lancaster-Division Street","1","100.0000","81102","PM10 Total 0-10um STP","31080","Los Angeles-Long Beach-Anaheim, CA","06","California","037","Los Angeles","34.6697390008831","-118.130511"
"01/29/2019","AQS","060379033","2","17","ug/m3 SC","16","Lancaster-Division Street","1","100.0000","81102","PM10 Total 0-10um STP","31080","Los Angeles-Long Beach-Anaheim, CA","06","California","037","Los Angeles","34.6697390008831","-118.130511"
"01/30/2019","AQS","060379033","2","27","ug/m3 SC","25","Lancaster-Division Street","1","100.0000","81102","PM10 Total 0-10um STP","31080","Los Angeles-Long Beach-Anaheim, CA","06","California","037","Los Angeles","34.6697390008831","-118.130511"
"01/31/2019","AQS","060379033","2","22","ug/m3 SC","20","Lancaster-Division Street","1","100.0000","81102","PM10 Total 0-10um STP","31080","Los Angeles-Long Beach-Anaheim, CA","06","California","037","Los Angeles","34.6697390008831","-118.130511"
"02/01/2019","AQS","060379033","2","11","ug/m3 SC","10","Lancaster-Division Street","1","100.0000","81102","PM10 Total 0-10um STP","31080","Los Angeles-Long Beach-Anaheim, CA","06","California","037","Los Angeles","34.6697390008831","-118.130511"
"02/02/2019","AQS","060379033","2","3","ug/m3 SC","3","Lancaster-Division Street","1","100.0000","81102","PM10 Total 0-10um STP","31080","Los Angeles-Long Beach-Anaheim, CA","06","California","037","Los Angeles","34.6697390008831","-118.130511"
"02/03/2019","AQS","060379033","2","0","ug/m3 SC","0","Lancaster-Division Street","1","100.0000","81102","PM10 Total 0-10um STP","31080","Los Angeles-Long Beach-Anaheim, CA","06","California","037","Los Angeles","34.6697390008831","-118.130511"
"02/04/2019","AQS","060379033","2","1","ug/m3 SC","1","Lancaster-Division Street","1","100.0000","81102","PM10 Total 0-10um STP","31080","Los Angeles-Long Beach-Anaheim, CA","06","California","037","Los Angeles","34.6697390008831","-118.130511"
"02/05/2019","AQS","060379033","2","0","ug/m3 SC","0","Lancaster-Division Street","1","100.0000","81102","PM10 Total 0-10um STP","31080","Los Angeles-Long Beach-Anaheim, CA","06","California","037","Los Angeles","34.6697390008831","-118.130511"
"02/06/2019","AQS","060379033","2","3","ug/m3 SC","3","Lancaster-Division Street","1","100.0000","81102","PM10 Total 0-10um STP","31080","Los Angeles-Long Beach-Anaheim, CA","06","California","037","Los Angeles","34.6697390008831","-118.130511"
"02/07/2019","AQS","060379033","2","12","ug/m3 SC","11","Lancaster-Division Street","1","100.0000","81102","PM10 Total 0-10um STP","31080","Los Angeles-Long Beach-Anaheim, CA","06","California","037","Los Angeles","34.6697390008831","-118.130511"
"02/08/2019","AQS","060379033","2","15","ug/m3 SC","14","Lancaster-Division Street","1","100.0000","81102","PM10 Total 0-10um STP","31080","Los Angeles-Long Beach-Anaheim, CA","06","California","037","Los Angeles","34.6697390008831","-118.130511"
"02/09/2019","AQS","060379033","2","4","ug/m3 SC","4","Lancaster-Division Street","1","100.0000","81102","PM10 Total 0-10um STP","31080","Los Angeles-Long Beach-Anaheim, CA","06","California","037","Los Angeles","34.6697390008831","-118.130511"
"02/10/2019","AQS","060379033","2","0","ug/m3 SC","0","Lancaster-Division Street","1","100.0000","81102","PM10 Total 0-10um STP","31080","Los Angeles-Long Beach-Anaheim, CA","06","California","037","Los Angeles","34.6697390008831","-118.130511"
"02/11/2019","AQS","060379033","2","9","ug/m3 SC","8","Lancaster-Division Street","1","100.0000","81102","PM10 Total 0-10um STP","31080","Los Angeles-Long Beach-Anaheim, CA","06","California","037","Los Angeles","34.6697390008831","-118.130511"
"02/12/2019","AQS","060379033","2","17","ug/m3 SC","16","Lancaster-Division Street","1","100.0000","81102","PM10 Total 0-10um STP","31080","Los Angeles-Long Beach-Anaheim, CA","06","California","037","Los Angeles","34.6697390008831","-118.130511"
"02/13/2019","AQS","060379033","2","14","ug/m3 SC","13","Lancaster-Division Street","1","100.0000","81102","PM10 Total 0-10um STP","31080","Los Angeles-Long Beach-Anaheim, CA","06","California","037","Los Angeles","34.6697390008831","-118.130511"
"02/14/2019","AQS","060379033","2","4","ug/m3 SC","4","Lancaster-Division Street","1","100.0000","81102","PM10 Total 0-10um STP","31080","Los Angeles-Long Beach-Anaheim, CA","06","California","037","Los Angeles","34.6697390008831","-118.130511"
"02/15/2019","AQS","060379033","2","1","ug/m3 SC","1","Lancaster-Division Street","1","100.0000","81102","PM10 Total 0-10um STP","31080","Los Angeles-Long Beach-Anaheim, CA","06","California","037","Los Angeles","34.6697390008831","-118.130511"
"02/16/2019","AQS","060379033","2","2","ug/m3 SC","2","Lancaster-Division Street","1","100.0000","81102","PM10 Total 0-10um STP","31080","Los Angeles-Long Beach-Anaheim, CA","06","California","037","Los Angeles","34.6697390008831","-118.130511"
"02/17/2019","AQS","060379033","2","0","ug/m3 SC","0","Lancaster-Division Street","1","100.0000","81102","PM10 Total 0-10um STP","31080","Los Angeles-Long Beach-Anaheim, CA","06","California","037","Los Angeles","34.6697390008831","-118.130511"
"02/18/2019","AQS","060379033","2","2","ug/m3 SC","2","Lancaster-Division Street","1","100.0000","81102","PM10 Total 0-10um STP","31080","Los Angeles-Long Beach-Anaheim, CA","06","California","037","Los Angeles","34.6697390008831","-118.130511"
"02/19/2019","AQS","060379033","2","6","ug/m3 SC","6","Lancaster-Division Street","1","100.0000","81102","PM10 Total 0-10um STP","31080","Los Angeles-Long Beach-Anaheim, CA","06","California","037","Los Angeles","34.6697390008831","-118.130511"
"02/20/2019","AQS","060379033","2","7","ug/m3 SC","6","Lancaster-Division Street","1","100.0000","81102","PM10 Total 0-10um STP","31080","Los Angeles-Long Beach-Anaheim, CA","06","California","037","Los Angeles","34.6697390008831","-118.130511"
"02/21/2019","AQS","060379033","2","1","ug/m3 SC","1","Lancaster-Division Street","1","100.0000","81102","PM10 Total 0-10um STP","31080","Los Angeles-Long Beach-Anaheim, CA","06","California","037","Los Angeles","34.6697390008831","-118.130511"
"02/22/2019","AQS","060379033","2","6","ug/m3 SC","6","Lancaster-Division Street","1","100.0000","81102","PM10 Total 0-10um STP","31080","Los Angeles-Long Beach-Anaheim, CA","06","California","037","Los Angeles","34.6697390008831","-118.130511"
"02/23/2019","AQS","060379033","2","10","ug/m3 SC","9","Lancaster-Division Street","1","100.0000","81102","PM10 Total 0-10um STP","31080","Los Angeles-Long Beach-Anaheim, CA","06","California","037","Los Angeles","34.6697390008831","-118.130511"
"02/24/2019","AQS","060379033","2","9","ug/m3 SC","8","Lancaster-Division Street","1","100.0000","81102","PM10 Total 0-10um STP","31080","Los Angeles-Long Beach-Anaheim, CA","06","California","037","Los Angeles","34.6697390008831","-118.130511"
"02/25/2019","AQS","060379033","2","20","ug/m3 SC","19","Lancaster-Division Street","1","100.0000","81102","PM10 Total 0-10um STP","31080","Los Angeles-Long Beach-Anaheim, CA","06","California","037","Los Angeles","34.6697390008831","-118.130511"
"02/26/2019","AQS","060379033","2","20","ug/m3 SC","19","Lancaster-Division Street","1","100.0000","81102","PM10 Total 0-10um STP","31080","Los Angeles-Long Beach-Anaheim, CA","06","California","037","Los Angeles","34.6697390008831","-118.130511"
"02/27/2019","AQS","060379033","2","14","ug/m3 SC","13","Lancaster-Division Street","1","100.0000","81102","PM10 Total 0-10um STP","31080","Los Angeles-Long Beach-Anaheim, CA","06","California","037","Los Angeles","34.6697390008831","-118.130511"
"02/28/2019","AQS","060379033","2","3","ug/m3 SC","3","Lancaster-Division Street","1","100.0000","81102","PM10 Total 0-10um STP","31080","Los Angeles-Long Beach-Anaheim, CA","06","California","037","Los Angeles","34.6697390008831","-118.130511"
"03/01/2019","AQS","060379033","2","9","ug/m3 SC","8","Lancaster-Division Street","1","100.0000","81102","PM10 Total 0-10um STP","31080","Los Angeles-Long Beach-Anaheim, CA","06","California","037","Los Angeles","34.6697390008831","-118.130511"
"03/02/2019","AQS","060379033","2","1","ug/m3 SC","1","Lancaster-Division Street","1","100.0000","81102","PM10 Total 0-10um STP","31080","Los Angeles-Long Beach-Anaheim, CA","06","California","037","Los Angeles","34.6697390008831","-118.130511"
"03/03/2019","AQS","060379033","2","0","ug/m3 SC","0","Lancaster-Division Street","1","100.0000","81102","PM10 Total 0-10um STP","31080","Los Angeles-Long Beach-Anaheim, CA","06","California","037","Los Angeles","34.6697390008831","-118.130511"
"03/04/2019","AQS","060379033","2","5","ug/m3 SC","5","Lancaster-Division Street","1","100.0000","81102","PM10 Total 0-10um STP","31080","Los Angeles-Long Beach-Anaheim, CA","06","California","037","Los Angeles","34.6697390008831","-118.130511"
"03/05/2019","AQS","060379033","2","10","ug/m3 SC","9","Lancaster-Division Street","1","100.0000","81102","PM10 Total 0-10um STP","31080","Los Angeles-Long Beach-Anaheim, CA","06","California","037","Los Angeles","34.6697390008831","-118.130511"
"03/06/2019","AQS","060379033","2","1","ug/m3 SC","1","Lancaster-Division Street","1","100.0000","81102","PM10 Total 0-10um STP","31080","Los Angeles-Long Beach-Anaheim, CA","06","California","037","Los Angeles","34.6697390008831","-118.130511"
"03/07/2019","AQS","060379033","2","4","ug/m3 SC","4","Lancaster-Division Street","1","100.0000","81102","PM10 Total 0-10um STP","31080","Los Angeles-Long Beach-Anaheim, CA","06","California","037","Los Angeles","34.6697390008831","-118.130511"
"03/08/2019","AQS","060379033","2","3","ug/m3 SC","3","Lancaster-Division Street","1","100.0000","81102","PM10 Total 0-10um STP","31080","Los Angeles-Long Beach-Anaheim, CA","06","California","037","Los Angeles","34.6697390008831","-118.130511"
"03/09/2019","AQS","060379033","2","7","ug/m3 SC","6","Lancaster-Division Street","1","100.0000","81102","PM10 Total 0-10um STP","31080","Los Angeles-Long Beach-Anaheim, CA","06","California","037","Los Angeles","34.6697390008831","-118.130511"
"03/10/2019","AQS","060379033","2","3","ug/m3 SC","3","Lancaster-Division Street","1","100.0000","81102","PM10 Total 0-10um STP","31080","Los Angeles-Long Beach-Anaheim, CA","06","California","037","Los Angeles","34.6697390008831","-118.130511"
"03/11/2019","AQS","060379033","2","8","ug/m3 SC","7","Lancaster-Division Street","1","100.0000","81102","PM10 Total 0-10um STP","31080","Los Angeles-Long Beach-Anaheim, CA","06","California","037","Los Angeles","34.6697390008831","-118.130511"
"03/12/2019","AQS","060379033","2","11","ug/m3 SC","10","Lancaster-Division Street","1","100.0000","81102","PM10 Total 0-10um STP","31080","Los Angeles-Long Beach-Anaheim, CA","06","California","037","Los Angeles","34.6697390008831","-118.130511"
"03/13/2019","AQS","060379033","2","10","ug/m3 SC","9","Lancaster-Division Street","1","100.0000","81102","PM10 Total 0-10um STP","31080","Los Angeles-Long Beach-Anaheim, CA","06","California","037","Los Angeles","34.6697390008831","-118.130511"
"03/14/2019","AQS","060379033","2","10","ug/m3 SC","9","Lancaster-Division Street","1","100.0000","81102","PM10 Total 0-10um STP","31080","Los Angeles-Long Beach-Anaheim, CA","06","California","037","Los Angeles","34.6697390008831","-118.130511"
"03/15/2019","AQS","060379033","2","10","ug/m3 SC","9","Lancaster-Division Street","1","100.0000","81102","PM10 Total 0-10um STP","31080","Los Angeles-Long Beach-Anaheim, CA","06","California","037","Los Angeles","34.6697390008831","-118.130511"
"03/16/2019","AQS","060379033","2","12","ug/m3 SC","11","Lancaster-Division Street","1","100.0000","81102","PM10 Total 0-10um STP","31080","Los Angeles-Long Beach-Anaheim, CA","06","California","037","Los Angeles","34.6697390008831","-118.130511"
"03/17/2019","AQS","060379033","2","14","ug/m3 SC","13","Lancaster-Division Street","1","100.0000","81102","PM10 Total 0-10um STP","31080","Los Angeles-Long Beach-Anaheim, CA","06","California","037","Los Angeles","34.6697390008831","-118.130511"
"03/18/2019","AQS","060379033","2","25","ug/m3 SC","23","Lancaster-Division Street","1","100.0000","81102","PM10 Total 0-10um STP","31080","Los Angeles-Long Beach-Anaheim, CA","06","California","037","Los Angeles","34.6697390008831","-118.130511"
"03/19/2019","AQS","060379033","2","27","ug/m3 SC","25","Lancaster-Division Street","1","100.0000","81102","PM10 Total 0-10um STP","31080","Los Angeles-Long Beach-Anaheim, CA","06","California","037","Los Angeles","34.6697390008831","-118.130511"
"03/20/2019","AQS","060379033","2","7","ug/m3 SC","6","Lancaster-Division Street","1","100.0000","81102","PM10 Total 0-10um STP","31080","Los Angeles-Long Beach-Anaheim, CA","06","California","037","Los Angeles","34.6697390008831","-118.130511"
"03/21/2019","AQS","060379033","2","4","ug/m3 SC","4","Lancaster-Division Street","1","100.0000","81102","PM10 Total 0-10um STP","31080","Los Angeles-Long Beach-Anaheim, CA","06","California","037","Los Angeles","34.6697390008831","-118.130511"
"03/22/2019","AQS","060379033","2","7","ug/m3 SC","6","Lancaster-Division Street","1","100.0000","81102","PM10 Total 0-10um STP","31080","Los Angeles-Long Beach-Anaheim, CA","06","California","037","Los Angeles","34.6697390008831","-118.130511"
"03/23/2019","AQS","060379033","2","9","ug/m3 SC","8","Lancaster-Division Street","1","100.0000","81102","PM10 Total 0-10um STP","31080","Los Angeles-Long Beach-Anaheim, CA","06","California","037","Los Angeles","34.6697390008831","-118.130511"
"03/24/2019","AQS","060379033","2","14","ug/m3 SC","13","Lancaster-Division Street","1","100.0000","81102","PM10 Total 0-10um STP","31080","Los Angeles-Long Beach-Anaheim, CA","06","California","037","Los Angeles","34.6697390008831","-118.130511"
"03/25/2019","AQS","060379033","2","25","ug/m3 SC","23","Lancaster-Division Street","1","100.0000","81102","PM10 Total 0-10um STP","31080","Los Angeles-Long Beach-Anaheim, CA","06","California","037","Los Angeles","34.6697390008831","-118.130511"
"03/26/2019","AQS","060379033","2","28","ug/m3 SC","26","Lancaster-Division Street","1","100.0000","81102","PM10 Total 0-10um STP","31080","Los Angeles-Long Beach-Anaheim, CA","06","California","037","Los Angeles","34.6697390008831","-118.130511"
"03/27/2019","AQS","060379033","2","15","ug/m3 SC","14","Lancaster-Division Street","1","100.0000","81102","PM10 Total 0-10um STP","31080","Los Angeles-Long Beach-Anaheim, CA","06","California","037","Los Angeles","34.6697390008831","-118.130511"
"03/28/2019","AQS","060379033","2","5","ug/m3 SC","5","Lancaster-Division Street","1","100.0000","81102","PM10 Total 0-10um STP","31080","Los Angeles-Long Beach-Anaheim, CA","06","California","037","Los Angeles","34.6697390008831","-118.130511"
"03/29/2019","AQS","060379033","2","13","ug/m3 SC","12","Lancaster-Division Street","1","100.0000","81102","PM10 Total 0-10um STP","31080","Los Angeles-Long Beach-Anaheim, CA","06","California","037","Los Angeles","34.6697390008831","-118.130511"
"03/30/2019","AQS","060379033","2","17","ug/m3 SC","16","Lancaster-Division Street","1","100.0000","81102","PM10 Total 0-10um STP","31080","Los Angeles-Long Beach-Anaheim, CA","06","California","037","Los Angeles","34.6697390008831","-118.130511"
"03/31/2019","AQS","060379033","2","13","ug/m3 SC","12","Lancaster-Division Street","1","100.0000","81102","PM10 Total 0-10um STP","31080","Los Angeles-Long Beach-Anaheim, CA","06","California","037","Los Angeles","34.6697390008831","-118.130511"
"04/01/2019","AQS","060379033","2","26","ug/m3 SC","24","Lancaster-Division Street","1","100.0000","81102","PM10 Total 0-10um STP","31080","Los Angeles-Long Beach-Anaheim, CA","06","California","037","Los Angeles","34.6697390008831","-118.130511"
"04/02/2019","AQS","060379033","2","23","ug/m3 SC","21","Lancaster-Division Street","1","100.0000","81102","PM10 Total 0-10um STP","31080","Los Angeles-Long Beach-Anaheim, CA","06","California","037","Los Angeles","34.6697390008831","-118.130511"
"04/03/2019","AQS","060379033","2","10","ug/m3 SC","9","Lancaster-Division Street","1","100.0000","81102","PM10 Total 0-10um STP","31080","Los Angeles-Long Beach-Anaheim, CA","06","California","037","Los Angeles","34.6697390008831","-118.130511"
"04/04/2019","AQS","060379033","2","12","ug/m3 SC","11","Lancaster-Division Street","1","100.0000","81102","PM10 Total 0-10um STP","31080","Los Angeles-Long Beach-Anaheim, CA","06","California","037","Los Angeles","34.6697390008831","-118.130511"
"04/05/2019","AQS","060379033","2","6","ug/m3 SC","6","Lancaster-Division Street","1","100.0000","81102","PM10 Total 0-10um STP","31080","Los Angeles-Long Beach-Anaheim, CA","06","California","037","Los Angeles","34.6697390008831","-118.130511"
"04/06/2019","AQS","060379033","2","8","ug/m3 SC","7","Lancaster-Division Street","1","100.0000","81102","PM10 Total 0-10um STP","31080","Los Angeles-Long Beach-Anaheim, CA","06","California","037","Los Angeles","34.6697390008831","-118.130511"
"04/07/2019","AQS","060379033","2","12","ug/m3 SC","11","Lancaster-Division Street","1","100.0000","81102","PM10 Total 0-10um STP","31080","Los Angeles-Long Beach-Anaheim, CA","06","California","037","Los Angeles","34.6697390008831","-118.130511"
"04/08/2019","AQS","060379033","2","20","ug/m3 SC","19","Lancaster-Division Street","1","100.0000","81102","PM10 Total 0-10um STP","31080","Los Angeles-Long Beach-Anaheim, CA","06","California","037","Los Angeles","34.6697390008831","-118.130511"
"04/09/2019","AQS","060379033","2","45","ug/m3 SC","42","Lancaster-Division Street","1","100.0000","81102","PM10 Total 0-10um STP","31080","Los Angeles-Long Beach-Anaheim, CA","06","California","037","Los Angeles","34.6697390008831","-118.130511"
"04/10/2019","AQS","060379033","2","16","ug/m3 SC","15","Lancaster-Division Street","1","100.0000","81102","PM10 Total 0-10um STP","31080","Los Angeles-Long Beach-Anaheim, CA","06","California","037","Los Angeles","34.6697390008831","-118.130511"
"04/11/2019","AQS","060379033","2","21","ug/m3 SC","19","Lancaster-Division Street","1","100.0000","81102","PM10 Total 0-10um STP","31080","Los Angeles-Long Beach-Anaheim, CA","06","California","037","Los Angeles","34.6697390008831","-118.130511"
"04/12/2019","AQS","060379033","2","10","ug/m3 SC","9","Lancaster-Division Street","1","100.0000","81102","PM10 Total 0-10um STP","31080","Los Angeles-Long Beach-Anaheim, CA","06","California","037","Los Angeles","34.6697390008831","-118.130511"
"04/13/2019","AQS","060379033","2","13","ug/m3 SC","12","Lancaster-Division Street","1","100.0000","81102","PM10 Total 0-10um STP","31080","Los Angeles-Long Beach-Anaheim, CA","06","California","037","Los Angeles","34.6697390008831","-118.130511"
"04/14/2019","AQS","060379033","2","16","ug/m3 SC","15","Lancaster-Division Street","1","100.0000","81102","PM10 Total 0-10um STP","31080","Los Angeles-Long Beach-Anaheim, CA","06","California","037","Los Angeles","34.6697390008831","-118.130511"
"04/15/2019","AQS","060379033","2","16","ug/m3 SC","15","Lancaster-Division Street","1","100.0000","81102","PM10 Total 0-10um STP","31080","Los Angeles-Long Beach-Anaheim, CA","06","California","037","Los Angeles","34.6697390008831","-118.130511"
"04/16/2019","AQS","060379033","2","13","ug/m3 SC","12","Lancaster-Division Street","1","100.0000","81102","PM10 Total 0-10um STP","31080","Los Angeles-Long Beach-Anaheim, CA","06","California","037","Los Angeles","34.6697390008831","-118.130511"
"04/17/2019","AQS","060379033","2","14","ug/m3 SC","13","Lancaster-Division Street","1","100.0000","81102","PM10 Total 0-10um STP","31080","Los Angeles-Long Beach-Anaheim, CA","06","California","037","Los Angeles","34.6697390008831","-118.130511"
"04/26/2019","AQS","060379033","2","30","ug/m3 SC","28","Lancaster-Division Street","1","100.0000","81102","PM10 Total 0-10um STP","31080","Los Angeles-Long Beach-Anaheim, CA","06","California","037","Los Angeles","34.6697390008831","-118.130511"
"04/27/2019","AQS","060379033","2","26","ug/m3 SC","24","Lancaster-Division Street","1","100.0000","81102","PM10 Total 0-10um STP","31080","Los Angeles-Long Beach-Anaheim, CA","06","California","037","Los Angeles","34.6697390008831","-118.130511"
"04/28/2019","AQS","060379033","2","22","ug/m3 SC","20","Lancaster-Division Street","1","100.0000","81102","PM10 Total 0-10um STP","31080","Los Angeles-Long Beach-Anaheim, CA","06","California","037","Los Angeles","34.6697390008831","-118.130511"
"04/29/2019","AQS","060379033","2","15","ug/m3 SC","14","Lancaster-Division Street","1","100.0000","81102","PM10 Total 0-10um STP","31080","Los Angeles-Long Beach-Anaheim, CA","06","California","037","Los Angeles","34.6697390008831","-118.130511"
"04/30/2019","AQS","060379033","2","13","ug/m3 SC","12","Lancaster-Division Street","1","100.0000","81102","PM10 Total 0-10um STP","31080","Los Angeles-Long Beach-Anaheim, CA","06","California","037","Los Angeles","34.6697390008831","-118.130511"
"05/01/2019","AQS","060379033","2","26","ug/m3 SC","24","Lancaster-Division Street","1","100.0000","81102","PM10 Total 0-10um STP","31080","Los Angeles-Long Beach-Anaheim, CA","06","California","037","Los Angeles","34.6697390008831","-118.130511"
"05/02/2019","AQS","060379033","2","32","ug/m3 SC","30","Lancaster-Division Street","1","100.0000","81102","PM10 Total 0-10um STP","31080","Los Angeles-Long Beach-Anaheim, CA","06","California","037","Los Angeles","34.6697390008831","-118.130511"
"05/03/2019","AQS","060379033","2","35","ug/m3 SC","32","Lancaster-Division Street","1","100.0000","81102","PM10 Total 0-10um STP","31080","Los Angeles-Long Beach-Anaheim, CA","06","California","037","Los Angeles","34.6697390008831","-118.130511"
"05/04/2019","AQS","060379033","2","30","ug/m3 SC","28","Lancaster-Division Street","1","100.0000","81102","PM10 Total 0-10um STP","31080","Los Angeles-Long Beach-Anaheim, CA","06","California","037","Los Angeles","34.6697390008831","-118.130511"
"05/05/2019","AQS","060379033","2","29","ug/m3 SC","27","Lancaster-Division Street","1","100.0000","81102","PM10 Total 0-10um STP","31080","Los Angeles-Long Beach-Anaheim, CA","06","California","037","Los Angeles","34.6697390008831","-118.130511"
"05/06/2019","AQS","060379033","2","14","ug/m3 SC","13","Lancaster-Division Street","1","100.0000","81102","PM10 Total 0-10um STP","31080","Los Angeles-Long Beach-Anaheim, CA","06","California","037","Los Angeles","34.6697390008831","-118.130511"
"05/07/2019","AQS","060379033","2","22","ug/m3 SC","20","Lancaster-Division Street","1","100.0000","81102","PM10 Total 0-10um STP","31080","Los Angeles-Long Beach-Anaheim, CA","06","California","037","Los Angeles","34.6697390008831","-118.130511"
"05/08/2019","AQS","060379033","2","22","ug/m3 SC","20","Lancaster-Division Street","1","100.0000","81102","PM10 Total 0-10um STP","31080","Los Angeles-Long Beach-Anaheim, CA","06","California","037","Los Angeles","34.6697390008831","-118.130511"
"05/09/2019","AQS","060379033","2","22","ug/m3 SC","20","Lancaster-Division Street","1","100.0000","81102","PM10 Total 0-10um STP","31080","Los Angeles-Long Beach-Anaheim, CA","06","California","037","Los Angeles","34.6697390008831","-118.130511"
"05/10/2019","AQS","060379033","2","5","ug/m3 SC","5","Lancaster-Division Street","1","100.0000","81102","PM10 Total 0-10um STP","31080","Los Angeles-Long Beach-Anaheim, CA","06","California","037","Los Angeles","34.6697390008831","-118.130511"
"05/11/2019","AQS","060379033","2","9","ug/m3 SC","8","Lancaster-Division Street","1","100.0000","81102","PM10 Total 0-10um STP","31080","Los Angeles-Long Beach-Anaheim, CA","06","California","037","Los Angeles","34.6697390008831","-118.130511"
"05/12/2019","AQS","060379033","2","17","ug/m3 SC","16","Lancaster-Division Street","1","100.0000","81102","PM10 Total 0-10um STP","31080","Los Angeles-Long Beach-Anaheim, CA","06","California","037","Los Angeles","34.6697390008831","-118.130511"
"05/13/2019","AQS","060379033","2","25","ug/m3 SC","23","Lancaster-Division Street","1","100.0000","81102","PM10 Total 0-10um STP","31080","Los Angeles-Long Beach-Anaheim, CA","06","California","037","Los Angeles","34.6697390008831","-118.130511"
"05/14/2019","AQS","060379033","2","26","ug/m3 SC","24","Lancaster-Division Street","1","100.0000","81102","PM10 Total 0-10um STP","31080","Los Angeles-Long Beach-Anaheim, CA","06","California","037","Los Angeles","34.6697390008831","-118.130511"
"05/15/2019","AQS","060379033","2","19","ug/m3 SC","18","Lancaster-Division Street","1","100.0000","81102","PM10 Total 0-10um STP","31080","Los Angeles-Long Beach-Anaheim, CA","06","California","037","Los Angeles","34.6697390008831","-118.130511"
"05/16/2019","AQS","060379033","2","7","ug/m3 SC","6","Lancaster-Division Street","1","100.0000","81102","PM10 Total 0-10um STP","31080","Los Angeles-Long Beach-Anaheim, CA","06","California","037","Los Angeles","34.6697390008831","-118.130511"
"05/17/2019","AQS","060379033","2","13","ug/m3 SC","12","Lancaster-Division Street","1","100.0000","81102","PM10 Total 0-10um STP","31080","Los Angeles-Long Beach-Anaheim, CA","06","California","037","Los Angeles","34.6697390008831","-118.130511"
"05/18/2019","AQS","060379033","2","18","ug/m3 SC","17","Lancaster-Division Street","1","100.0000","81102","PM10 Total 0-10um STP","31080","Los Angeles-Long Beach-Anaheim, CA","06","California","037","Los Angeles","34.6697390008831","-118.130511"
"05/19/2019","AQS","060379033","2","6","ug/m3 SC","6","Lancaster-Division Street","1","100.0000","81102","PM10 Total 0-10um STP","31080","Los Angeles-Long Beach-Anaheim, CA","06","California","037","Los Angeles","34.6697390008831","-118.130511"
"05/20/2019","AQS","060379033","2","6","ug/m3 SC","6","Lancaster-Division Street","1","100.0000","81102","PM10 Total 0-10um STP","31080","Los Angeles-Long Beach-Anaheim, CA","06","California","037","Los Angeles","34.6697390008831","-118.130511"
"05/21/2019","AQS","060379033","2","9","ug/m3 SC","8","Lancaster-Division Street","1","100.0000","81102","PM10 Total 0-10um STP","31080","Los Angeles-Long Beach-Anaheim, CA","06","California","037","Los Angeles","34.6697390008831","-118.130511"
"05/24/2019","AQS","060379033","2","12","ug/m3 SC","11","Lancaster-Division Street","1","100.0000","81102","PM10 Total 0-10um STP","31080","Los Angeles-Long Beach-Anaheim, CA","06","California","037","Los Angeles","34.6697390008831","-118.130511"
"05/25/2019","AQS","060379033","2","17","ug/m3 SC","16","Lancaster-Division Street","1","100.0000","81102","PM10 Total 0-10um STP","31080","Los Angeles-Long Beach-Anaheim, CA","06","California","037","Los Angeles","34.6697390008831","-118.130511"
"05/26/2019","AQS","060379033","2","8","ug/m3 SC","7","Lancaster-Division Street","1","100.0000","81102","PM10 Total 0-10um STP","31080","Los Angeles-Long Beach-Anaheim, CA","06","California","037","Los Angeles","34.6697390008831","-118.130511"
"05/27/2019","AQS","060379033","2","6","ug/m3 SC","6","Lancaster-Division Street","1","100.0000","81102","PM10 Total 0-10um STP","31080","Los Angeles-Long Beach-Anaheim, CA","06","California","037","Los Angeles","34.6697390008831","-118.130511"
"05/28/2019","AQS","060379033","2","9","ug/m3 SC","8","Lancaster-Division Street","1","100.0000","81102","PM10 Total 0-10um STP","31080","Los Angeles-Long Beach-Anaheim, CA","06","California","037","Los Angeles","34.6697390008831","-118.130511"
"05/29/2019","AQS","060379033","2","19","ug/m3 SC","18","Lancaster-Division Street","1","100.0000","81102","PM10 Total 0-10um STP","31080","Los Angeles-Long Beach-Anaheim, CA","06","California","037","Los Angeles","34.6697390008831","-118.130511"
"05/30/2019","AQS","060379033","2","17","ug/m3 SC","16","Lancaster-Division Street","1","100.0000","81102","PM10 Total 0-10um STP","31080","Los Angeles-Long Beach-Anaheim, CA","06","California","037","Los Angeles","34.6697390008831","-118.130511"
"05/31/2019","AQS","060379033","2","18","ug/m3 SC","17","Lancaster-Division Street","1","100.0000","81102","PM10 Total 0-10um STP","31080","Los Angeles-Long Beach-Anaheim, CA","06","California","037","Los Angeles","34.6697390008831","-118.130511"
"06/01/2019","AQS","060379033","2","21","ug/m3 SC","19","Lancaster-Division Street","1","100.0000","81102","PM10 Total 0-10um STP","31080","Los Angeles-Long Beach-Anaheim, CA","06","California","037","Los Angeles","34.6697390008831","-118.130511"
"06/02/2019","AQS","060379033","2","17","ug/m3 SC","16","Lancaster-Division Street","1","100.0000","81102","PM10 Total 0-10um STP","31080","Los Angeles-Long Beach-Anaheim, CA","06","California","037","Los Angeles","34.6697390008831","-118.130511"
"06/03/2019","AQS","060379033","2","21","ug/m3 SC","19","Lancaster-Division Street","1","100.0000","81102","PM10 Total 0-10um STP","31080","Los Angeles-Long Beach-Anaheim, CA","06","California","037","Los Angeles","34.6697390008831","-118.130511"
"06/04/2019","AQS","060379033","2","26","ug/m3 SC","24","Lancaster-Division Street","1","100.0000","81102","PM10 Total 0-10um STP","31080","Los Angeles-Long Beach-Anaheim, CA","06","California","037","Los Angeles","34.6697390008831","-118.130511"
"06/05/2019","AQS","060379033","2","28","ug/m3 SC","26","Lancaster-Division Street","1","100.0000","81102","PM10 Total 0-10um STP","31080","Los Angeles-Long Beach-Anaheim, CA","06","California","037","Los Angeles","34.6697390008831","-118.130511"
"06/06/2019","AQS","060379033","2","23","ug/m3 SC","21","Lancaster-Division Street","1","100.0000","81102","PM10 Total 0-10um STP","31080","Los Angeles-Long Beach-Anaheim, CA","06","California","037","Los Angeles","34.6697390008831","-118.130511"
"06/07/2019","AQS","060379033","2","31","ug/m3 SC","29","Lancaster-Division Street","1","100.0000","81102","PM10 Total 0-10um STP","31080","Los Angeles-Long Beach-Anaheim, CA","06","California","037","Los Angeles","34.6697390008831","-118.130511"
"06/08/2019","AQS","060379033","2","36","ug/m3 SC","33","Lancaster-Division Street","1","100.0000","81102","PM10 Total 0-10um STP","31080","Los Angeles-Long Beach-Anaheim, CA","06","California","037","Los Angeles","34.6697390008831","-118.130511"
"06/09/2019","AQS","060379033","2","24","ug/m3 SC","22","Lancaster-Division Street","1","100.0000","81102","PM10 Total 0-10um STP","31080","Los Angeles-Long Beach-Anaheim, CA","06","California","037","Los Angeles","34.6697390008831","-118.130511"
"06/10/2019","AQS","060379033","2","22","ug/m3 SC","20","Lancaster-Division Street","1","100.0000","81102","PM10 Total 0-10um STP","31080","Los Angeles-Long Beach-Anaheim, CA","06","California","037","Los Angeles","34.6697390008831","-118.130511"
"06/11/2019","AQS","060379033","2","30","ug/m3 SC","28","Lancaster-Division Street","1","100.0000","81102","PM10 Total 0-10um STP","31080","Los Angeles-Long Beach-Anaheim, CA","06","California","037","Los Angeles","34.6697390008831","-118.130511"
"06/12/2019","AQS","060379033","2","29","ug/m3 SC","27","Lancaster-Division Street","1","100.0000","81102","PM10 Total 0-10um STP","31080","Los Angeles-Long Beach-Anaheim, CA","06","California","037","Los Angeles","34.6697390008831","-118.130511"
"06/13/2019","AQS","060379033","2","28","ug/m3 SC","26","Lancaster-Division Street","1","100.0000","81102","PM10 Total 0-10um STP","31080","Los Angeles-Long Beach-Anaheim, CA","06","California","037","Los Angeles","34.6697390008831","-118.130511"
"06/14/2019","AQS","060379033","2","24","ug/m3 SC","22","Lancaster-Division Street","1","100.0000","81102","PM10 Total 0-10um STP","31080","Los Angeles-Long Beach-Anaheim, CA","06","California","037","Los Angeles","34.6697390008831","-118.130511"
"06/15/2019","AQS","060379033","2","25","ug/m3 SC","23","Lancaster-Division Street","1","100.0000","81102","PM10 Total 0-10um STP","31080","Los Angeles-Long Beach-Anaheim, CA","06","California","037","Los Angeles","34.6697390008831","-118.130511"
"06/16/2019","AQS","060379033","2","23","ug/m3 SC","21","Lancaster-Division Street","1","100.0000","81102","PM10 Total 0-10um STP","31080","Los Angeles-Long Beach-Anaheim, CA","06","California","037","Los Angeles","34.6697390008831","-118.130511"
"06/17/2019","AQS","060379033","2","28","ug/m3 SC","26","Lancaster-Division Street","1","100.0000","81102","PM10 Total 0-10um STP","31080","Los Angeles-Long Beach-Anaheim, CA","06","California","037","Los Angeles","34.6697390008831","-118.130511"
"06/18/2019","AQS","060379033","2","33","ug/m3 SC","31","Lancaster-Division Street","1","100.0000","81102","PM10 Total 0-10um STP","31080","Los Angeles-Long Beach-Anaheim, CA","06","California","037","Los Angeles","34.6697390008831","-118.130511"
"06/19/2019","AQS","060379033","2","31","ug/m3 SC","29","Lancaster-Division Street","1","100.0000","81102","PM10 Total 0-10um STP","31080","Los Angeles-Long Beach-Anaheim, CA","06","California","037","Los Angeles","34.6697390008831","-118.130511"
"06/20/2019","AQS","060379033","2","37","ug/m3 SC","34","Lancaster-Division Street","1","100.0000","81102","PM10 Total 0-10um STP","31080","Los Angeles-Long Beach-Anaheim, CA","06","California","037","Los Angeles","34.6697390008831","-118.130511"
"06/21/2019","AQS","060379033","2","25","ug/m3 SC","23","Lancaster-Division Street","1","100.0000","81102","PM10 Total 0-10um STP","31080","Los Angeles-Long Beach-Anaheim, CA","06","California","037","Los Angeles","34.6697390008831","-118.130511"
"06/22/2019","AQS","060379033","2","24","ug/m3 SC","22","Lancaster-Division Street","1","100.0000","81102","PM10 Total 0-10um STP","31080","Los Angeles-Long Beach-Anaheim, CA","06","California","037","Los Angeles","34.6697390008831","-118.130511"
"06/23/2019","AQS","060379033","2","22","ug/m3 SC","20","Lancaster-Division Street","1","100.0000","81102","PM10 Total 0-10um STP","31080","Los Angeles-Long Beach-Anaheim, CA","06","California","037","Los Angeles","34.6697390008831","-118.130511"
"06/24/2019","AQS","060379033","2","27","ug/m3 SC","25","Lancaster-Division Street","1","100.0000","81102","PM10 Total 0-10um STP","31080","Los Angeles-Long Beach-Anaheim, CA","06","California","037","Los Angeles","34.6697390008831","-118.130511"
"06/25/2019","AQS","060379033","2","27","ug/m3 SC","25","Lancaster-Division Street","1","100.0000","81102","PM10 Total 0-10um STP","31080","Los Angeles-Long Beach-Anaheim, CA","06","California","037","Los Angeles","34.6697390008831","-118.130511"
"06/26/2019","AQS","060379033","2","25","ug/m3 SC","23","Lancaster-Division Street","1","100.0000","81102","PM10 Total 0-10um STP","31080","Los Angeles-Long Beach-Anaheim, CA","06","California","037","Los Angeles","34.6697390008831","-118.130511"
"06/27/2019","AQS","060379033","2","24","ug/m3 SC","22","Lancaster-Division Street","1","100.0000","81102","PM10 Total 0-10um STP","31080","Los Angeles-Long Beach-Anaheim, CA","06","California","037","Los Angeles","34.6697390008831","-118.130511"
"06/28/2019","AQS","060379033","2","19","ug/m3 SC","18","Lancaster-Division Street","1","100.0000","81102","PM10 Total 0-10um STP","31080","Los Angeles-Long Beach-Anaheim, CA","06","California","037","Los Angeles","34.6697390008831","-118.130511"
"06/29/2019","AQS","060379033","2","19","ug/m3 SC","18","Lancaster-Division Street","1","100.0000","81102","PM10 Total 0-10um STP","31080","Los Angeles-Long Beach-Anaheim, CA","06","California","037","Los Angeles","34.6697390008831","-118.130511"
"06/30/2019","AQS","060379033","2","18","ug/m3 SC","17","Lancaster-Division Street","1","100.0000","81102","PM10 Total 0-10um STP","31080","Los Angeles-Long Beach-Anaheim, CA","06","California","037","Los Angeles","34.6697390008831","-118.130511"
"07/01/2019","AQS","060379033","2","24","ug/m3 SC","22","Lancaster-Division Street","1","100.0000","81102","PM10 Total 0-10um STP","31080","Los Angeles-Long Beach-Anaheim, CA","06","California","037","Los Angeles","34.6697390008831","-118.130511"
"07/02/2019","AQS","060379033","2","29","ug/m3 SC","27","Lancaster-Division Street","1","100.0000","81102","PM10 Total 0-10um STP","31080","Los Angeles-Long Beach-Anaheim, CA","06","California","037","Los Angeles","34.6697390008831","-118.130511"
"07/03/2019","AQS","060379033","2","33","ug/m3 SC","31","Lancaster-Division Street","1","100.0000","81102","PM10 Total 0-10um STP","31080","Los Angeles-Long Beach-Anaheim, CA","06","California","037","Los Angeles","34.6697390008831","-118.130511"
"07/04/2019","AQS","060379033","2","27","ug/m3 SC","25","Lancaster-Division Street","1","100.0000","81102","PM10 Total 0-10um STP","31080","Los Angeles-Long Beach-Anaheim, CA","06","California","037","Los Angeles","34.6697390008831","-118.130511"
"07/05/2019","AQS","060379033","2","29","ug/m3 SC","27","Lancaster-Division Street","1","100.0000","81102","PM10 Total 0-10um STP","31080","Los Angeles-Long Beach-Anaheim, CA","06","California","037","Los Angeles","34.6697390008831","-118.130511"
"07/06/2019","AQS","060379033","2","28","ug/m3 SC","26","Lancaster-Division Street","1","100.0000","81102","PM10 Total 0-10um STP","31080","Los Angeles-Long Beach-Anaheim, CA","06","California","037","Los Angeles","34.6697390008831","-118.130511"
"07/07/2019","AQS","060379033","2","27","ug/m3 SC","25","Lancaster-Division Street","1","100.0000","81102","PM10 Total 0-10um STP","31080","Los Angeles-Long Beach-Anaheim, CA","06","California","037","Los Angeles","34.6697390008831","-118.130511"
"07/08/2019","AQS","060379033","2","29","ug/m3 SC","27","Lancaster-Division Street","1","100.0000","81102","PM10 Total 0-10um STP","31080","Los Angeles-Long Beach-Anaheim, CA","06","California","037","Los Angeles","34.6697390008831","-118.130511"
"07/09/2019","AQS","060379033","2","26","ug/m3 SC","24","Lancaster-Division Street","1","100.0000","81102","PM10 Total 0-10um STP","31080","Los Angeles-Long Beach-Anaheim, CA","06","California","037","Los Angeles","34.6697390008831","-118.130511"
"07/10/2019","AQS","060379033","2","27","ug/m3 SC","25","Lancaster-Division Street","1","100.0000","81102","PM10 Total 0-10um STP","31080","Los Angeles-Long Beach-Anaheim, CA","06","California","037","Los Angeles","34.6697390008831","-118.130511"
"07/11/2019","AQS","060379033","2","28","ug/m3 SC","26","Lancaster-Division Street","1","100.0000","81102","PM10 Total 0-10um STP","31080","Los Angeles-Long Beach-Anaheim, CA","06","California","037","Los Angeles","34.6697390008831","-118.130511"
"07/12/2019","AQS","060379033","2","35","ug/m3 SC","32","Lancaster-Division Street","1","100.0000","81102","PM10 Total 0-10um STP","31080","Los Angeles-Long Beach-Anaheim, CA","06","California","037","Los Angeles","34.6697390008831","-118.130511"
"07/13/2019","AQS","060379033","2","24","ug/m3 SC","22","Lancaster-Division Street","1","100.0000","81102","PM10 Total 0-10um STP","31080","Los Angeles-Long Beach-Anaheim, CA","06","California","037","Los Angeles","34.6697390008831","-118.130511"
"07/14/2019","AQS","060379033","2","17","ug/m3 SC","16","Lancaster-Division Street","1","100.0000","81102","PM10 Total 0-10um STP","31080","Los Angeles-Long Beach-Anaheim, CA","06","California","037","Los Angeles","34.6697390008831","-118.130511"
"07/15/2019","AQS","060379033","2","19","ug/m3 SC","18","Lancaster-Division Street","1","100.0000","81102","PM10 Total 0-10um STP","31080","Los Angeles-Long Beach-Anaheim, CA","06","California","037","Los Angeles","34.6697390008831","-118.130511"
"07/16/2019","AQS","060379033","2","25","ug/m3 SC","23","Lancaster-Division Street","1","100.0000","81102","PM10 Total 0-10um STP","31080","Los Angeles-Long Beach-Anaheim, CA","06","California","037","Los Angeles","34.6697390008831","-118.130511"
"07/17/2019","AQS","060379033","2","28","ug/m3 SC","26","Lancaster-Division Street","1","100.0000","81102","PM10 Total 0-10um STP","31080","Los Angeles-Long Beach-Anaheim, CA","06","California","037","Los Angeles","34.6697390008831","-118.130511"
"07/18/2019","AQS","060379033","2","18","ug/m3 SC","17","Lancaster-Division Street","1","100.0000","81102","PM10 Total 0-10um STP","31080","Los Angeles-Long Beach-Anaheim, CA","06","California","037","Los Angeles","34.6697390008831","-118.130511"
"07/19/2019","AQS","060379033","2","17","ug/m3 SC","16","Lancaster-Division Street","1","100.0000","81102","PM10 Total 0-10um STP","31080","Los Angeles-Long Beach-Anaheim, CA","06","California","037","Los Angeles","34.6697390008831","-118.130511"
"07/20/2019","AQS","060379033","2","12","ug/m3 SC","11","Lancaster-Division Street","1","100.0000","81102","PM10 Total 0-10um STP","31080","Los Angeles-Long Beach-Anaheim, CA","06","California","037","Los Angeles","34.6697390008831","-118.130511"
"07/21/2019","AQS","060379033","2","10","ug/m3 SC","9","Lancaster-Division Street","1","100.0000","81102","PM10 Total 0-10um STP","31080","Los Angeles-Long Beach-Anaheim, CA","06","California","037","Los Angeles","34.6697390008831","-118.130511"
"07/22/2019","AQS","060379033","2","20","ug/m3 SC","19","Lancaster-Division Street","1","100.0000","81102","PM10 Total 0-10um STP","31080","Los Angeles-Long Beach-Anaheim, CA","06","California","037","Los Angeles","34.6697390008831","-118.130511"
"07/23/2019","AQS","060379033","2","23","ug/m3 SC","21","Lancaster-Division Street","1","100.0000","81102","PM10 Total 0-10um STP","31080","Los Angeles-Long Beach-Anaheim, CA","06","California","037","Los Angeles","34.6697390008831","-118.130511"
"07/24/2019","AQS","060379033","2","25","ug/m3 SC","23","Lancaster-Division Street","1","100.0000","81102","PM10 Total 0-10um STP","31080","Los Angeles-Long Beach-Anaheim, CA","06","California","037","Los Angeles","34.6697390008831","-118.130511"
"07/25/2019","AQS","060379033","2","25","ug/m3 SC","23","Lancaster-Division Street","1","100.0000","81102","PM10 Total 0-10um STP","31080","Los Angeles-Long Beach-Anaheim, CA","06","California","037","Los Angeles","34.6697390008831","-118.130511"
"07/26/2019","AQS","060379033","2","36","ug/m3 SC","33","Lancaster-Division Street","1","100.0000","81102","PM10 Total 0-10um STP","31080","Los Angeles-Long Beach-Anaheim, CA","06","California","037","Los Angeles","34.6697390008831","-118.130511"
"07/27/2019","AQS","060379033","2","19","ug/m3 SC","18","Lancaster-Division Street","1","100.0000","81102","PM10 Total 0-10um STP","31080","Los Angeles-Long Beach-Anaheim, CA","06","California","037","Los Angeles","34.6697390008831","-118.130511"
"07/28/2019","AQS","060379033","2","16","ug/m3 SC","15","Lancaster-Division Street","1","100.0000","81102","PM10 Total 0-10um STP","31080","Los Angeles-Long Beach-Anaheim, CA","06","California","037","Los Angeles","34.6697390008831","-118.130511"
"07/29/2019","AQS","060379033","2","27","ug/m3 SC","25","Lancaster-Division Street","1","100.0000","81102","PM10 Total 0-10um STP","31080","Los Angeles-Long Beach-Anaheim, CA","06","California","037","Los Angeles","34.6697390008831","-118.130511"
"07/30/2019","AQS","060379033","2","33","ug/m3 SC","31","Lancaster-Division Street","1","100.0000","81102","PM10 Total 0-10um STP","31080","Los Angeles-Long Beach-Anaheim, CA","06","California","037","Los Angeles","34.6697390008831","-118.130511"
"07/31/2019","AQS","060379033","2","26","ug/m3 SC","24","Lancaster-Division Street","1","100.0000","81102","PM10 Total 0-10um STP","31080","Los Angeles-Long Beach-Anaheim, CA","06","California","037","Los Angeles","34.6697390008831","-118.130511"
"08/01/2019","AQS","060379033","2","17","ug/m3 SC","16","Lancaster-Division Street","1","100.0000","81102","PM10 Total 0-10um STP","31080","Los Angeles-Long Beach-Anaheim, CA","06","California","037","Los Angeles","34.6697390008831","-118.130511"
"08/02/2019","AQS","060379033","2","31","ug/m3 SC","29","Lancaster-Division Street","1","100.0000","81102","PM10 Total 0-10um STP","31080","Los Angeles-Long Beach-Anaheim, CA","06","California","037","Los Angeles","34.6697390008831","-118.130511"
"08/03/2019","AQS","060379033","2","23","ug/m3 SC","21","Lancaster-Division Street","1","100.0000","81102","PM10 Total 0-10um STP","31080","Los Angeles-Long Beach-Anaheim, CA","06","California","037","Los Angeles","34.6697390008831","-118.130511"
"08/04/2019","AQS","060379033","2","18","ug/m3 SC","17","Lancaster-Division Street","1","100.0000","81102","PM10 Total 0-10um STP","31080","Los Angeles-Long Beach-Anaheim, CA","06","California","037","Los Angeles","34.6697390008831","-118.130511"
"08/05/2019","AQS","060379033","2","20","ug/m3 SC","19","Lancaster-Division Street","1","100.0000","81102","PM10 Total 0-10um STP","31080","Los Angeles-Long Beach-Anaheim, CA","06","California","037","Los Angeles","34.6697390008831","-118.130511"
"08/06/2019","AQS","060379033","2","23","ug/m3 SC","21","Lancaster-Division Street","1","100.0000","81102","PM10 Total 0-10um STP","31080","Los Angeles-Long Beach-Anaheim, CA","06","California","037","Los Angeles","34.6697390008831","-118.130511"
"08/07/2019","AQS","060379033","2","22","ug/m3 SC","20","Lancaster-Division Street","1","100.0000","81102","PM10 Total 0-10um STP","31080","Los Angeles-Long Beach-Anaheim, CA","06","California","037","Los Angeles","34.6697390008831","-118.130511"
"08/08/2019","AQS","060379033","2","31","ug/m3 SC","29","Lancaster-Division Street","1","100.0000","81102","PM10 Total 0-10um STP","31080","Los Angeles-Long Beach-Anaheim, CA","06","California","037","Los Angeles","34.6697390008831","-118.130511"
"08/09/2019","AQS","060379033","2","24","ug/m3 SC","22","Lancaster-Division Street","1","100.0000","81102","PM10 Total 0-10um STP","31080","Los Angeles-Long Beach-Anaheim, CA","06","California","037","Los Angeles","34.6697390008831","-118.130511"
"08/10/2019","AQS","060379033","2","28","ug/m3 SC","26","Lancaster-Division Street","1","100.0000","81102","PM10 Total 0-10um STP","31080","Los Angeles-Long Beach-Anaheim, CA","06","California","037","Los Angeles","34.6697390008831","-118.130511"
"08/11/2019","AQS","060379033","2","21","ug/m3 SC","19","Lancaster-Division Street","1","100.0000","81102","PM10 Total 0-10um STP","31080","Los Angeles-Long Beach-Anaheim, CA","06","California","037","Los Angeles","34.6697390008831","-118.130511"
"08/12/2019","AQS","060379033","2","30","ug/m3 SC","28","Lancaster-Division Street","1","100.0000","81102","PM10 Total 0-10um STP","31080","Los Angeles-Long Beach-Anaheim, CA","06","California","037","Los Angeles","34.6697390008831","-118.130511"
"08/13/2019","AQS","060379033","2","27","ug/m3 SC","25","Lancaster-Division Street","1","100.0000","81102","PM10 Total 0-10um STP","31080","Los Angeles-Long Beach-Anaheim, CA","06","California","037","Los Angeles","34.6697390008831","-118.130511"
"08/14/2019","AQS","060379033","2","23","ug/m3 SC","21","Lancaster-Division Street","1","100.0000","81102","PM10 Total 0-10um STP","31080","Los Angeles-Long Beach-Anaheim, CA","06","California","037","Los Angeles","34.6697390008831","-118.130511"
"08/15/2019","AQS","060379033","2","34","ug/m3 SC","31","Lancaster-Division Street","1","100.0000","81102","PM10 Total 0-10um STP","31080","Los Angeles-Long Beach-Anaheim, CA","06","California","037","Los Angeles","34.6697390008831","-118.130511"
"08/16/2019","AQS","060379033","2","33","ug/m3 SC","31","Lancaster-Division Street","1","100.0000","81102","PM10 Total 0-10um STP","31080","Los Angeles-Long Beach-Anaheim, CA","06","California","037","Los Angeles","34.6697390008831","-118.130511"
"08/17/2019","AQS","060379033","2","15","ug/m3 SC","14","Lancaster-Division Street","1","100.0000","81102","PM10 Total 0-10um STP","31080","Los Angeles-Long Beach-Anaheim, CA","06","California","037","Los Angeles","34.6697390008831","-118.130511"
"08/18/2019","AQS","060379033","2","9","ug/m3 SC","8","Lancaster-Division Street","1","100.0000","81102","PM10 Total 0-10um STP","31080","Los Angeles-Long Beach-Anaheim, CA","06","California","037","Los Angeles","34.6697390008831","-118.130511"
"08/19/2019","AQS","060379033","2","17","ug/m3 SC","16","Lancaster-Division Street","1","100.0000","81102","PM10 Total 0-10um STP","31080","Los Angeles-Long Beach-Anaheim, CA","06","California","037","Los Angeles","34.6697390008831","-118.130511"
"08/20/2019","AQS","060379033","2","27","ug/m3 SC","25","Lancaster-Division Street","1","100.0000","81102","PM10 Total 0-10um STP","31080","Los Angeles-Long Beach-Anaheim, CA","06","California","037","Los Angeles","34.6697390008831","-118.130511"
"08/21/2019","AQS","060379033","2","38","ug/m3 SC","35","Lancaster-Division Street","1","100.0000","81102","PM10 Total 0-10um STP","31080","Los Angeles-Long Beach-Anaheim, CA","06","California","037","Los Angeles","34.6697390008831","-118.130511"
"08/22/2019","AQS","060379033","2","29","ug/m3 SC","27","Lancaster-Division Street","1","100.0000","81102","PM10 Total 0-10um STP","31080","Los Angeles-Long Beach-Anaheim, CA","06","California","037","Los Angeles","34.6697390008831","-118.130511"
"08/23/2019","AQS","060379033","2","27","ug/m3 SC","25","Lancaster-Division Street","1","100.0000","81102","PM10 Total 0-10um STP","31080","Los Angeles-Long Beach-Anaheim, CA","06","California","037","Los Angeles","34.6697390008831","-118.130511"
"08/24/2019","AQS","060379033","2","24","ug/m3 SC","22","Lancaster-Division Street","1","100.0000","81102","PM10 Total 0-10um STP","31080","Los Angeles-Long Beach-Anaheim, CA","06","California","037","Los Angeles","34.6697390008831","-118.130511"
"08/25/2019","AQS","060379033","2","15","ug/m3 SC","14","Lancaster-Division Street","1","100.0000","81102","PM10 Total 0-10um STP","31080","Los Angeles-Long Beach-Anaheim, CA","06","California","037","Los Angeles","34.6697390008831","-118.130511"
"08/26/2019","AQS","060379033","2","33","ug/m3 SC","31","Lancaster-Division Street","1","100.0000","81102","PM10 Total 0-10um STP","31080","Los Angeles-Long Beach-Anaheim, CA","06","California","037","Los Angeles","34.6697390008831","-118.130511"
"08/27/2019","AQS","060379033","2","33","ug/m3 SC","31","Lancaster-Division Street","1","100.0000","81102","PM10 Total 0-10um STP","31080","Los Angeles-Long Beach-Anaheim, CA","06","California","037","Los Angeles","34.6697390008831","-118.130511"
"08/28/2019","AQS","060379033","2","24","ug/m3 SC","22","Lancaster-Division Street","1","100.0000","81102","PM10 Total 0-10um STP","31080","Los Angeles-Long Beach-Anaheim, CA","06","California","037","Los Angeles","34.6697390008831","-118.130511"
"08/29/2019","AQS","060379033","2","33","ug/m3 SC","31","Lancaster-Division Street","1","100.0000","81102","PM10 Total 0-10um STP","31080","Los Angeles-Long Beach-Anaheim, CA","06","California","037","Los Angeles","34.6697390008831","-118.130511"
"08/30/2019","AQS","060379033","2","32","ug/m3 SC","30","Lancaster-Division Street","1","100.0000","81102","PM10 Total 0-10um STP","31080","Los Angeles-Long Beach-Anaheim, CA","06","California","037","Los Angeles","34.6697390008831","-118.130511"
"08/31/2019","AQS","060379033","2","22","ug/m3 SC","20","Lancaster-Division Street","1","100.0000","81102","PM10 Total 0-10um STP","31080","Los Angeles-Long Beach-Anaheim, CA","06","California","037","Los Angeles","34.6697390008831","-118.130511"
"09/01/2019","AQS","060379033","2","21","ug/m3 SC","19","Lancaster-Division Street","1","100.0000","81102","PM10 Total 0-10um STP","31080","Los Angeles-Long Beach-Anaheim, CA","06","California","037","Los Angeles","34.6697390008831","-118.130511"
"09/02/2019","AQS","060379033","2","63","ug/m3 SC","55","Lancaster-Division Street","1","100.0000","81102","PM10 Total 0-10um STP","31080","Los Angeles-Long Beach-Anaheim, CA","06","California","037","Los Angeles","34.6697390008831","-118.130511"
"09/03/2019","AQS","060379033","2","39","ug/m3 SC","36","Lancaster-Division Street","1","100.0000","81102","PM10 Total 0-10um STP","31080","Los Angeles-Long Beach-Anaheim, CA","06","California","037","Los Angeles","34.6697390008831","-118.130511"
"09/04/2019","AQS","060379033","2","33","ug/m3 SC","31","Lancaster-Division Street","1","100.0000","81102","PM10 Total 0-10um STP","31080","Los Angeles-Long Beach-Anaheim, CA","06","California","037","Los Angeles","34.6697390008831","-118.130511"
"09/05/2019","AQS","060379033","2","25","ug/m3 SC","23","Lancaster-Division Street","1","100.0000","81102","PM10 Total 0-10um STP","31080","Los Angeles-Long Beach-Anaheim, CA","06","California","037","Los Angeles","34.6697390008831","-118.130511"
"09/06/2019","AQS","060379033","2","34","ug/m3 SC","31","Lancaster-Division Street","1","100.0000","81102","PM10 Total 0-10um STP","31080","Los Angeles-Long Beach-Anaheim, CA","06","California","037","Los Angeles","34.6697390008831","-118.130511"
"09/07/2019","AQS","060379033","2","79","ug/m3 SC","63","Lancaster-Division Street","1","100.0000","81102","PM10 Total 0-10um STP","31080","Los Angeles-Long Beach-Anaheim, CA","06","California","037","Los Angeles","34.6697390008831","-118.130511"
"09/08/2019","AQS","060379033","2","76","ug/m3 SC","61","Lancaster-Division Street","1","100.0000","81102","PM10 Total 0-10um STP","31080","Los Angeles-Long Beach-Anaheim, CA","06","California","037","Los Angeles","34.6697390008831","-118.130511"
"09/09/2019","AQS","060379033","2","35","ug/m3 SC","32","Lancaster-Division Street","1","100.0000","81102","PM10 Total 0-10um STP","31080","Los Angeles-Long Beach-Anaheim, CA","06","California","037","Los Angeles","34.6697390008831","-118.130511"
"09/10/2019","AQS","060379033","2","35","ug/m3 SC","32","Lancaster-Division Street","1","100.0000","81102","PM10 Total 0-10um STP","31080","Los Angeles-Long Beach-Anaheim, CA","06","California","037","Los Angeles","34.6697390008831","-118.130511"
"09/11/2019","AQS","060379033","2","32","ug/m3 SC","30","Lancaster-Division Street","1","100.0000","81102","PM10 Total 0-10um STP","31080","Los Angeles-Long Beach-Anaheim, CA","06","California","037","Los Angeles","34.6697390008831","-118.130511"
"09/12/2019","AQS","060379033","2","35","ug/m3 SC","32","Lancaster-Division Street","1","100.0000","81102","PM10 Total 0-10um STP","31080","Los Angeles-Long Beach-Anaheim, CA","06","California","037","Los Angeles","34.6697390008831","-118.130511"
"09/13/2019","AQS","060379033","2","34","ug/m3 SC","31","Lancaster-Division Street","1","100.0000","81102","PM10 Total 0-10um STP","31080","Los Angeles-Long Beach-Anaheim, CA","06","California","037","Los Angeles","34.6697390008831","-118.130511"
"09/14/2019","AQS","060379033","2","30","ug/m3 SC","28","Lancaster-Division Street","1","100.0000","81102","PM10 Total 0-10um STP","31080","Los Angeles-Long Beach-Anaheim, CA","06","California","037","Los Angeles","34.6697390008831","-118.130511"
"09/15/2019","AQS","060379033","2","24","ug/m3 SC","22","Lancaster-Division Street","1","100.0000","81102","PM10 Total 0-10um STP","31080","Los Angeles-Long Beach-Anaheim, CA","06","California","037","Los Angeles","34.6697390008831","-118.130511"
"09/16/2019","AQS","060379033","2","54","ug/m3 SC","50","Lancaster-Division Street","1","100.0000","81102","PM10 Total 0-10um STP","31080","Los Angeles-Long Beach-Anaheim, CA","06","California","037","Los Angeles","34.6697390008831","-118.130511"
"09/17/2019","AQS","060379033","2","21","ug/m3 SC","19","Lancaster-Division Street","1","100.0000","81102","PM10 Total 0-10um STP","31080","Los Angeles-Long Beach-Anaheim, CA","06","California","037","Los Angeles","34.6697390008831","-118.130511"
"09/18/2019","AQS","060379033","2","30","ug/m3 SC","28","Lancaster-Division Street","1","100.0000","81102","PM10 Total 0-10um STP","31080","Los Angeles-Long Beach-Anaheim, CA","06","California","037","Los Angeles","34.6697390008831","-118.130511"
"09/19/2019","AQS","060379033","2","27","ug/m3 SC","25","Lancaster-Division Street","1","100.0000","81102","PM10 Total 0-10um STP","31080","Los Angeles-Long Beach-Anaheim, CA","06","California","037","Los Angeles","34.6697390008831","-118.130511"
"09/20/2019","AQS","060379033","2","33","ug/m3 SC","31","Lancaster-Division Street","1","100.0000","81102","PM10 Total 0-10um STP","31080","Los Angeles-Long Beach-Anaheim, CA","06","California","037","Los Angeles","34.6697390008831","-118.130511"
"09/21/2019","AQS","060379033","2","25","ug/m3 SC","23","Lancaster-Division Street","1","100.0000","81102","PM10 Total 0-10um STP","31080","Los Angeles-Long Beach-Anaheim, CA","06","California","037","Los Angeles","34.6697390008831","-118.130511"
"09/22/2019","AQS","060379033","2","21","ug/m3 SC","19","Lancaster-Division Street","1","100.0000","81102","PM10 Total 0-10um STP","31080","Los Angeles-Long Beach-Anaheim, CA","06","California","037","Los Angeles","34.6697390008831","-118.130511"
"09/23/2019","AQS","060379033","2","25","ug/m3 SC","23","Lancaster-Division Street","1","100.0000","81102","PM10 Total 0-10um STP","31080","Los Angeles-Long Beach-Anaheim, CA","06","California","037","Los Angeles","34.6697390008831","-118.130511"
"09/24/2019","AQS","060379033","2","41","ug/m3 SC","38","Lancaster-Division Street","1","100.0000","81102","PM10 Total 0-10um STP","31080","Los Angeles-Long Beach-Anaheim, CA","06","California","037","Los Angeles","34.6697390008831","-118.130511"
"09/25/2019","AQS","060379033","2","28","ug/m3 SC","26","Lancaster-Division Street","1","100.0000","81102","PM10 Total 0-10um STP","31080","Los Angeles-Long Beach-Anaheim, CA","06","California","037","Los Angeles","34.6697390008831","-118.130511"
"09/26/2019","AQS","060379033","2","34","ug/m3 SC","31","Lancaster-Division Street","1","100.0000","81102","PM10 Total 0-10um STP","31080","Los Angeles-Long Beach-Anaheim, CA","06","California","037","Los Angeles","34.6697390008831","-118.130511"
"09/27/2019","AQS","060379033","2","29","ug/m3 SC","27","Lancaster-Division Street","1","100.0000","81102","PM10 Total 0-10um STP","31080","Los Angeles-Long Beach-Anaheim, CA","06","California","037","Los Angeles","34.6697390008831","-118.130511"
"09/28/2019","AQS","060379033","2","24","ug/m3 SC","22","Lancaster-Division Street","1","100.0000","81102","PM10 Total 0-10um STP","31080","Los Angeles-Long Beach-Anaheim, CA","06","California","037","Los Angeles","34.6697390008831","-118.130511"
"09/29/2019","AQS","060379033","2","20","ug/m3 SC","19","Lancaster-Division Street","1","100.0000","81102","PM10 Total 0-10um STP","31080","Los Angeles-Long Beach-Anaheim, CA","06","California","037","Los Angeles","34.6697390008831","-118.130511"
"09/30/2019","AQS","060379033","2","23","ug/m3 SC","21","Lancaster-Division Street","1","100.0000","81102","PM10 Total 0-10um STP","31080","Los Angeles-Long Beach-Anaheim, CA","06","California","037","Los Angeles","34.6697390008831","-118.130511"
"10/01/2019","AQS","060379033","2","25","ug/m3 SC","23","Lancaster-Division Street","1","100.0000","81102","PM10 Total 0-10um STP","31080","Los Angeles-Long Beach-Anaheim, CA","06","California","037","Los Angeles","34.6697390008831","-118.130511"
"10/02/2019","AQS","060379033","2","33","ug/m3 SC","31","Lancaster-Division Street","1","100.0000","81102","PM10 Total 0-10um STP","31080","Los Angeles-Long Beach-Anaheim, CA","06","California","037","Los Angeles","34.6697390008831","-118.130511"
"10/03/2019","AQS","060379033","2","37","ug/m3 SC","34","Lancaster-Division Street","1","100.0000","81102","PM10 Total 0-10um STP","31080","Los Angeles-Long Beach-Anaheim, CA","06","California","037","Los Angeles","34.6697390008831","-118.130511"
"10/04/2019","AQS","060379033","2","36","ug/m3 SC","33","Lancaster-Division Street","1","100.0000","81102","PM10 Total 0-10um STP","31080","Los Angeles-Long Beach-Anaheim, CA","06","California","037","Los Angeles","34.6697390008831","-118.130511"
"10/05/2019","AQS","060379033","2","36","ug/m3 SC","33","Lancaster-Division Street","1","100.0000","81102","PM10 Total 0-10um STP","31080","Los Angeles-Long Beach-Anaheim, CA","06","California","037","Los Angeles","34.6697390008831","-118.130511"
"10/06/2019","AQS","060379033","2","32","ug/m3 SC","30","Lancaster-Division Street","1","100.0000","81102","PM10 Total 0-10um STP","31080","Los Angeles-Long Beach-Anaheim, CA","06","California","037","Los Angeles","34.6697390008831","-118.130511"
"10/07/2019","AQS","060379033","2","30","ug/m3 SC","28","Lancaster-Division Street","1","100.0000","81102","PM10 Total 0-10um STP","31080","Los Angeles-Long Beach-Anaheim, CA","06","California","037","Los Angeles","34.6697390008831","-118.130511"
"10/08/2019","AQS","060379033","2","36","ug/m3 SC","33","Lancaster-Division Street","1","100.0000","81102","PM10 Total 0-10um STP","31080","Los Angeles-Long Beach-Anaheim, CA","06","California","037","Los Angeles","34.6697390008831","-118.130511"
"10/09/2019","AQS","060379033","2","81","ug/m3 SC","64","Lancaster-Division Street","1","100.0000","81102","PM10 Total 0-10um STP","31080","Los Angeles-Long Beach-Anaheim, CA","06","California","037","Los Angeles","34.6697390008831","-118.130511"
"10/10/2019","AQS","060379033","2","91","ug/m3 SC","69","Lancaster-Division Street","1","100.0000","81102","PM10 Total 0-10um STP","31080","Los Angeles-Long Beach-Anaheim, CA","06","California","037","Los Angeles","34.6697390008831","-118.130511"
"10/11/2019","AQS","060379033","2","21","ug/m3 SC","19","Lancaster-Division Street","1","100.0000","81102","PM10 Total 0-10um STP","31080","Los Angeles-Long Beach-Anaheim, CA","06","California","037","Los Angeles","34.6697390008831","-118.130511"
"10/12/2019","AQS","060379033","2","26","ug/m3 SC","24","Lancaster-Division Street","1","100.0000","81102","PM10 Total 0-10um STP","31080","Los Angeles-Long Beach-Anaheim, CA","06","California","037","Los Angeles","34.6697390008831","-118.130511"
"10/13/2019","AQS","060379033","2","25","ug/m3 SC","23","Lancaster-Division Street","1","100.0000","81102","PM10 Total 0-10um STP","31080","Los Angeles-Long Beach-Anaheim, CA","06","California","037","Los Angeles","34.6697390008831","-118.130511"
"10/14/2019","AQS","060379033","2","42","ug/m3 SC","39","Lancaster-Division Street","1","100.0000","81102","PM10 Total 0-10um STP","31080","Los Angeles-Long Beach-Anaheim, CA","06","California","037","Los Angeles","34.6697390008831","-118.130511"
"10/15/2019","AQS","060379033","2","49","ug/m3 SC","45","Lancaster-Division Street","1","100.0000","81102","PM10 Total 0-10um STP","31080","Los Angeles-Long Beach-Anaheim, CA","06","California","037","Los Angeles","34.6697390008831","-118.130511"
"10/16/2019","AQS","060379033","2","30","ug/m3 SC","28","Lancaster-Division Street","1","100.0000","81102","PM10 Total 0-10um STP","31080","Los Angeles-Long Beach-Anaheim, CA","06","California","037","Los Angeles","34.6697390008831","-118.130511"
"10/17/2019","AQS","060379033","2","113","ug/m3 SC","80","Lancaster-Division Street","1","100.0000","81102","PM10 Total 0-10um STP","31080","Los Angeles-Long Beach-Anaheim, CA","06","California","037","Los Angeles","34.6697390008831","-118.130511"
"10/18/2019","AQS","060379033","2","25","ug/m3 SC","23","Lancaster-Division Street","1","100.0000","81102","PM10 Total 0-10um STP","31080","Los Angeles-Long Beach-Anaheim, CA","06","California","037","Los Angeles","34.6697390008831","-118.130511"
"10/19/2019","AQS","060379033","2","37","ug/m3 SC","34","Lancaster-Division Street","1","100.0000","81102","PM10 Total 0-10um STP","31080","Los Angeles-Long Beach-Anaheim, CA","06","California","037","Los Angeles","34.6697390008831","-118.130511"
"10/20/2019","AQS","060379033","2","21","ug/m3 SC","19","Lancaster-Division Street","1","100.0000","81102","PM10 Total 0-10um STP","31080","Los Angeles-Long Beach-Anaheim, CA","06","California","037","Los Angeles","34.6697390008831","-118.130511"
"10/21/2019","AQS","060379033","2","35","ug/m3 SC","32","Lancaster-Division Street","1","100.0000","81102","PM10 Total 0-10um STP","31080","Los Angeles-Long Beach-Anaheim, CA","06","California","037","Los Angeles","34.6697390008831","-118.130511"
"10/22/2019","AQS","060379033","2","32","ug/m3 SC","30","Lancaster-Division Street","1","100.0000","81102","PM10 Total 0-10um STP","31080","Los Angeles-Long Beach-Anaheim, CA","06","California","037","Los Angeles","34.6697390008831","-118.130511"
"10/23/2019","AQS","060379033","2","22","ug/m3 SC","20","Lancaster-Division Street","1","100.0000","81102","PM10 Total 0-10um STP","31080","Los Angeles-Long Beach-Anaheim, CA","06","California","037","Los Angeles","34.6697390008831","-118.130511"
"10/24/2019","AQS","060379033","2","31","ug/m3 SC","29","Lancaster-Division Street","1","100.0000","81102","PM10 Total 0-10um STP","31080","Los Angeles-Long Beach-Anaheim, CA","06","California","037","Los Angeles","34.6697390008831","-118.130511"
"10/25/2019","AQS","060379033","2","31","ug/m3 SC","29","Lancaster-Division Street","1","100.0000","81102","PM10 Total 0-10um STP","31080","Los Angeles-Long Beach-Anaheim, CA","06","California","037","Los Angeles","34.6697390008831","-118.130511"
"10/26/2019","AQS","060379033","2","36","ug/m3 SC","33","Lancaster-Division Street","1","100.0000","81102","PM10 Total 0-10um STP","31080","Los Angeles-Long Beach-Anaheim, CA","06","California","037","Los Angeles","34.6697390008831","-118.130511"
"10/27/2019","AQS","060379033","2","81","ug/m3 SC","64","Lancaster-Division Street","1","100.0000","81102","PM10 Total 0-10um STP","31080","Los Angeles-Long Beach-Anaheim, CA","06","California","037","Los Angeles","34.6697390008831","-118.130511"
"10/28/2019","AQS","060379033","2","19","ug/m3 SC","18","Lancaster-Division Street","1","100.0000","81102","PM10 Total 0-10um STP","31080","Los Angeles-Long Beach-Anaheim, CA","06","California","037","Los Angeles","34.6697390008831","-118.130511"
"10/29/2019","AQS","060379033","2","50","ug/m3 SC","46","Lancaster-Division Street","1","100.0000","81102","PM10 Total 0-10um STP","31080","Los Angeles-Long Beach-Anaheim, CA","06","California","037","Los Angeles","34.6697390008831","-118.130511"
"10/30/2019","AQS","060379033","2","62","ug/m3 SC","54","Lancaster-Division Street","1","100.0000","81102","PM10 Total 0-10um STP","31080","Los Angeles-Long Beach-Anaheim, CA","06","California","037","Los Angeles","34.6697390008831","-118.130511"
"10/31/2019","AQS","060379033","2","27","ug/m3 SC","25","Lancaster-Division Street","1","100.0000","81102","PM10 Total 0-10um STP","31080","Los Angeles-Long Beach-Anaheim, CA","06","California","037","Los Angeles","34.6697390008831","-118.130511"
"11/01/2019","AQS","060379033","2","34","ug/m3 SC","31","Lancaster-Division Street","1","100.0000","81102","PM10 Total 0-10um STP","31080","Los Angeles-Long Beach-Anaheim, CA","06","California","037","Los Angeles","34.6697390008831","-118.130511"
"11/02/2019","AQS","060379033","2","37","ug/m3 SC","34","Lancaster-Division Street","1","100.0000","81102","PM10 Total 0-10um STP","31080","Los Angeles-Long Beach-Anaheim, CA","06","California","037","Los Angeles","34.6697390008831","-118.130511"
"11/03/2019","AQS","060379033","2","27","ug/m3 SC","25","Lancaster-Division Street","1","100.0000","81102","PM10 Total 0-10um STP","31080","Los Angeles-Long Beach-Anaheim, CA","06","California","037","Los Angeles","34.6697390008831","-118.130511"
"11/04/2019","AQS","060379033","2","37","ug/m3 SC","34","Lancaster-Division Street","1","100.0000","81102","PM10 Total 0-10um STP","31080","Los Angeles-Long Beach-Anaheim, CA","06","California","037","Los Angeles","34.6697390008831","-118.130511"
"11/05/2019","AQS","060379033","2","35","ug/m3 SC","32","Lancaster-Division Street","1","100.0000","81102","PM10 Total 0-10um STP","31080","Los Angeles-Long Beach-Anaheim, CA","06","California","037","Los Angeles","34.6697390008831","-118.130511"
"11/06/2019","AQS","060379033","2","28","ug/m3 SC","26","Lancaster-Division Street","1","100.0000","81102","PM10 Total 0-10um STP","31080","Los Angeles-Long Beach-Anaheim, CA","06","California","037","Los Angeles","34.6697390008831","-118.130511"
"11/07/2019","AQS","060379033","2","41","ug/m3 SC","38","Lancaster-Division Street","1","100.0000","81102","PM10 Total 0-10um STP","31080","Los Angeles-Long Beach-Anaheim, CA","06","California","037","Los Angeles","34.6697390008831","-118.130511"
"11/08/2019","AQS","060379033","2","41","ug/m3 SC","38","Lancaster-Division Street","1","100.0000","81102","PM10 Total 0-10um STP","31080","Los Angeles-Long Beach-Anaheim, CA","06","California","037","Los Angeles","34.6697390008831","-118.130511"
"11/09/2019","AQS","060379033","2","27","ug/m3 SC","25","Lancaster-Division Street","1","100.0000","81102","PM10 Total 0-10um STP","31080","Los Angeles-Long Beach-Anaheim, CA","06","California","037","Los Angeles","34.6697390008831","-118.130511"
"11/10/2019","AQS","060379033","2","25","ug/m3 SC","23","Lancaster-Division Street","1","100.0000","81102","PM10 Total 0-10um STP","31080","Los Angeles-Long Beach-Anaheim, CA","06","California","037","Los Angeles","34.6697390008831","-118.130511"
"11/11/2019","AQS","060379033","2","40","ug/m3 SC","37","Lancaster-Division Street","1","100.0000","81102","PM10 Total 0-10um STP","31080","Los Angeles-Long Beach-Anaheim, CA","06","California","037","Los Angeles","34.6697390008831","-118.130511"
"11/12/2019","AQS","060379033","2","38","ug/m3 SC","35","Lancaster-Division Street","1","100.0000","81102","PM10 Total 0-10um STP","31080","Los Angeles-Long Beach-Anaheim, CA","06","California","037","Los Angeles","34.6697390008831","-118.130511"
"11/13/2019","AQS","060379033","2","49","ug/m3 SC","45","Lancaster-Division Street","1","100.0000","81102","PM10 Total 0-10um STP","31080","Los Angeles-Long Beach-Anaheim, CA","06","California","037","Los Angeles","34.6697390008831","-118.130511"
"11/14/2019","AQS","060379033","2","30","ug/m3 SC","28","Lancaster-Division Street","1","100.0000","81102","PM10 Total 0-10um STP","31080","Los Angeles-Long Beach-Anaheim, CA","06","California","037","Los Angeles","34.6697390008831","-118.130511"
"11/15/2019","AQS","060379033","2","36","ug/m3 SC","33","Lancaster-Division Street","1","100.0000","81102","PM10 Total 0-10um STP","31080","Los Angeles-Long Beach-Anaheim, CA","06","California","037","Los Angeles","34.6697390008831","-118.130511"
"11/16/2019","AQS","060379033","2","38","ug/m3 SC","35","Lancaster-Division Street","1","100.0000","81102","PM10 Total 0-10um STP","31080","Los Angeles-Long Beach-Anaheim, CA","06","California","037","Los Angeles","34.6697390008831","-118.130511"
"11/17/2019","AQS","060379033","2","25","ug/m3 SC","23","Lancaster-Division Street","1","100.0000","81102","PM10 Total 0-10um STP","31080","Los Angeles-Long Beach-Anaheim, CA","06","California","037","Los Angeles","34.6697390008831","-118.130511"
"11/18/2019","AQS","060379033","2","40","ug/m3 SC","37","Lancaster-Division Street","1","100.0000","81102","PM10 Total 0-10um STP","31080","Los Angeles-Long Beach-Anaheim, CA","06","California","037","Los Angeles","34.6697390008831","-118.130511"
"11/19/2019","AQS","060379033","2","44","ug/m3 SC","41","Lancaster-Division Street","1","100.0000","81102","PM10 Total 0-10um STP","31080","Los Angeles-Long Beach-Anaheim, CA","06","California","037","Los Angeles","34.6697390008831","-118.130511"
"11/20/2019","AQS","060379033","2","10","ug/m3 SC","9","Lancaster-Division Street","1","100.0000","81102","PM10 Total 0-10um STP","31080","Los Angeles-Long Beach-Anaheim, CA","06","California","037","Los Angeles","34.6697390008831","-118.130511"
"11/21/2019","AQS","060379033","2","14","ug/m3 SC","13","Lancaster-Division Street","1","100.0000","81102","PM10 Total 0-10um STP","31080","Los Angeles-Long Beach-Anaheim, CA","06","California","037","Los Angeles","34.6697390008831","-118.130511"
"11/22/2019","AQS","060379033","2","17","ug/m3 SC","16","Lancaster-Division Street","1","100.0000","81102","PM10 Total 0-10um STP","31080","Los Angeles-Long Beach-Anaheim, CA","06","California","037","Los Angeles","34.6697390008831","-118.130511"
"11/23/2019","AQS","060379033","2","13","ug/m3 SC","12","Lancaster-Division Street","1","100.0000","81102","PM10 Total 0-10um STP","31080","Los Angeles-Long Beach-Anaheim, CA","06","California","037","Los Angeles","34.6697390008831","-118.130511"
"11/24/2019","AQS","060379033","2","15","ug/m3 SC","14","Lancaster-Division Street","1","100.0000","81102","PM10 Total 0-10um STP","31080","Los Angeles-Long Beach-Anaheim, CA","06","California","037","Los Angeles","34.6697390008831","-118.130511"
"11/25/2019","AQS","060379033","2","159","ug/m3 SC","103","Lancaster-Division Street","1","100.0000","81102","PM10 Total 0-10um STP","31080","Los Angeles-Long Beach-Anaheim, CA","06","California","037","Los Angeles","34.6697390008831","-118.130511"
"11/26/2019","AQS","060379033","2","165","ug/m3 SC","106","Lancaster-Division Street","1","100.0000","81102","PM10 Total 0-10um STP","31080","Los Angeles-Long Beach-Anaheim, CA","06","California","037","Los Angeles","34.6697390008831","-118.130511"
"11/27/2019","AQS","060379033","2","16","ug/m3 SC","15","Lancaster-Division Street","1","100.0000","81102","PM10 Total 0-10um STP","31080","Los Angeles-Long Beach-Anaheim, CA","06","California","037","Los Angeles","34.6697390008831","-118.130511"
"11/28/2019","AQS","060379033","2","6","ug/m3 SC","6","Lancaster-Division Street","1","100.0000","81102","PM10 Total 0-10um STP","31080","Los Angeles-Long Beach-Anaheim, CA","06","California","037","Los Angeles","34.6697390008831","-118.130511"
"11/29/2019","AQS","060379033","2","4","ug/m3 SC","4","Lancaster-Division Street","1","100.0000","81102","PM10 Total 0-10um STP","31080","Los Angeles-Long Beach-Anaheim, CA","06","California","037","Los Angeles","34.6697390008831","-118.130511"
"11/30/2019","AQS","060379033","2","9","ug/m3 SC","8","Lancaster-Division Street","1","100.0000","81102","PM10 Total 0-10um STP","31080","Los Angeles-Long Beach-Anaheim, CA","06","California","037","Los Angeles","34.6697390008831","-118.130511"
"12/01/2019","AQS","060379033","2","12","ug/m3 SC","11","Lancaster-Division Street","1","100.0000","81102","PM10 Total 0-10um STP","31080","Los Angeles-Long Beach-Anaheim, CA","06","California","037","Los Angeles","34.6697390008831","-118.130511"
"12/02/2019","AQS","060379033","2","21","ug/m3 SC","19","Lancaster-Division Street","1","100.0000","81102","PM10 Total 0-10um STP","31080","Los Angeles-Long Beach-Anaheim, CA","06","California","037","Los Angeles","34.6697390008831","-118.130511"
"12/03/2019","AQS","060379033","2","23","ug/m3 SC","21","Lancaster-Division Street","1","100.0000","81102","PM10 Total 0-10um STP","31080","Los Angeles-Long Beach-Anaheim, CA","06","California","037","Los Angeles","34.6697390008831","-118.130511"
"12/04/2019","AQS","060379033","2","9","ug/m3 SC","8","Lancaster-Division Street","1","100.0000","81102","PM10 Total 0-10um STP","31080","Los Angeles-Long Beach-Anaheim, CA","06","California","037","Los Angeles","34.6697390008831","-118.130511"
"12/05/2019","AQS","060379033","2","7","ug/m3 SC","6","Lancaster-Division Street","1","100.0000","81102","PM10 Total 0-10um STP","31080","Los Angeles-Long Beach-Anaheim, CA","06","California","037","Los Angeles","34.6697390008831","-118.130511"
"12/06/2019","AQS","060379033","2","14","ug/m3 SC","13","Lancaster-Division Street","1","100.0000","81102","PM10 Total 0-10um STP","31080","Los Angeles-Long Beach-Anaheim, CA","06","California","037","Los Angeles","34.6697390008831","-118.130511"
"12/07/2019","AQS","060379033","2","7","ug/m3 SC","6","Lancaster-Division Street","1","100.0000","81102","PM10 Total 0-10um STP","31080","Los Angeles-Long Beach-Anaheim, CA","06","California","037","Los Angeles","34.6697390008831","-118.130511"
"12/08/2019","AQS","060379033","2","2","ug/m3 SC","2","Lancaster-Division Street","1","100.0000","81102","PM10 Total 0-10um STP","31080","Los Angeles-Long Beach-Anaheim, CA","06","California","037","Los Angeles","34.6697390008831","-118.130511"
"12/09/2019","AQS","060379033","2","7","ug/m3 SC","6","Lancaster-Division Street","1","100.0000","81102","PM10 Total 0-10um STP","31080","Los Angeles-Long Beach-Anaheim, CA","06","California","037","Los Angeles","34.6697390008831","-118.130511"
"12/10/2019","AQS","060379033","2","23","ug/m3 SC","21","Lancaster-Division Street","1","100.0000","81102","PM10 Total 0-10um STP","31080","Los Angeles-Long Beach-Anaheim, CA","06","California","037","Los Angeles","34.6697390008831","-118.130511"
"12/11/2019","AQS","060379033","2","15","ug/m3 SC","14","Lancaster-Division Street","1","100.0000","81102","PM10 Total 0-10um STP","31080","Los Angeles-Long Beach-Anaheim, CA","06","California","037","Los Angeles","34.6697390008831","-118.130511"
"12/12/2019","AQS","060379033","2","5","ug/m3 SC","5","Lancaster-Division Street","1","100.0000","81102","PM10 Total 0-10um STP","31080","Los Angeles-Long Beach-Anaheim, CA","06","California","037","Los Angeles","34.6697390008831","-118.130511"
"12/13/2019","AQS","060379033","2","8","ug/m3 SC","7","Lancaster-Division Street","1","100.0000","81102","PM10 Total 0-10um STP","31080","Los Angeles-Long Beach-Anaheim, CA","06","California","037","Los Angeles","34.6697390008831","-118.130511"
"12/14/2019","AQS","060379033","2","6","ug/m3 SC","6","Lancaster-Division Street","1","100.0000","81102","PM10 Total 0-10um STP","31080","Los Angeles-Long Beach-Anaheim, CA","06","California","037","Los Angeles","34.6697390008831","-118.130511"
"12/15/2019","AQS","060379033","2","6","ug/m3 SC","6","Lancaster-Division Street","1","100.0000","81102","PM10 Total 0-10um STP","31080","Los Angeles-Long Beach-Anaheim, CA","06","California","037","Los Angeles","34.6697390008831","-118.130511"
"12/16/2019","AQS","060379033","2","9","ug/m3 SC","8","Lancaster-Division Street","1","100.0000","81102","PM10 Total 0-10um STP","31080","Los Angeles-Long Beach-Anaheim, CA","06","California","037","Los Angeles","34.6697390008831","-118.130511"
"12/20/2019","AQS","060379033","2","27","ug/m3 SC","25","Lancaster-Division Street","1","100.0000","81102","PM10 Total 0-10um STP","31080","Los Angeles-Long Beach-Anaheim, CA","06","California","037","Los Angeles","34.6697390008831","-118.130511"
"12/21/2019","AQS","060379033","2","27","ug/m3 SC","25","Lancaster-Division Street","1","100.0000","81102","PM10 Total 0-10um STP","31080","Los Angeles-Long Beach-Anaheim, CA","06","California","037","Los Angeles","34.6697390008831","-118.130511"
"12/22/2019","AQS","060379033","2","17","ug/m3 SC","16","Lancaster-Division Street","1","100.0000","81102","PM10 Total 0-10um STP","31080","Los Angeles-Long Beach-Anaheim, CA","06","California","037","Los Angeles","34.6697390008831","-118.130511"
"12/23/2019","AQS","060379033","2","5","ug/m3 SC","5","Lancaster-Division Street","1","100.0000","81102","PM10 Total 0-10um STP","31080","Los Angeles-Long Beach-Anaheim, CA","06","California","037","Los Angeles","34.6697390008831","-118.130511"
"12/24/2019","AQS","060379033","2","6","ug/m3 SC","6","Lancaster-Division Street","1","100.0000","81102","PM10 Total 0-10um STP","31080","Los Angeles-Long Beach-Anaheim, CA","06","California","037","Los Angeles","34.6697390008831","-118.130511"
"12/25/2019","AQS","060379033","2","6","ug/m3 SC","6","Lancaster-Division Street","1","100.0000","81102","PM10 Total 0-10um STP","31080","Los Angeles-Long Beach-Anaheim, CA","06","California","037","Los Angeles","34.6697390008831","-118.130511"
"12/26/2019","AQS","060379033","2","5","ug/m3 SC","5","Lancaster-Division Street","1","100.0000","81102","PM10 Total 0-10um STP","31080","Los Angeles-Long Beach-Anaheim, CA","06","California","037","Los Angeles","34.6697390008831","-118.130511"
"12/27/2019","AQS","060379033","2","10","ug/m3 SC","9","Lancaster-Division Street","1","100.0000","81102","PM10 Total 0-10um STP","31080","Los Angeles-Long Beach-Anaheim, CA","06","California","037","Los Angeles","34.6697390008831","-118.130511"
"12/28/2019","AQS","060379033","2","19","ug/m3 SC","18","Lancaster-Division Street","1","100.0000","81102","PM10 Total 0-10um STP","31080","Los Angeles-Long Beach-Anaheim, CA","06","California","037","Los Angeles","34.6697390008831","-118.130511"
"12/29/2019","AQS","060379033","2","21","ug/m3 SC","19","Lancaster-Division Street","1","100.0000","81102","PM10 Total 0-10um STP","31080","Los Angeles-Long Beach-Anaheim, CA","06","California","037","Los Angeles","34.6697390008831","-118.130511"
"12/30/2019","AQS","060379033","2","10","ug/m3 SC","9","Lancaster-Division Street","1","100.0000","81102","PM10 Total 0-10um STP","31080","Los Angeles-Long Beach-Anaheim, CA","06","California","037","Los Angeles","34.6697390008831","-118.130511"
"12/31/2019","AQS","060379033","2","17","ug/m3 SC","16","Lancaster-Division Street","1","100.0000","81102","PM10 Total 0-10um STP","31080","Los Angeles-Long Beach-Anaheim, CA","06","California","037","Los Angeles","34.6697390008831","-118.130511"
