State Code,County Code,Site Num,Parameter Code,POC,Latitude,Longitude,Datum,Parameter Name,Sample Duration,Pollutant Standard,Date Local,Units of Measure,Event Type,Observation Count,Observation Percent,Arithmetic Mean,1st Max Value,1st Max Hour,AQI,Method Code,Method Name,Local Site Name,Address,State Name,County Name,City Name,CBSA Name,Date of Last Change
6,37,1302,62201,1,33.901389,-118.205,WGS84,Relative Humidity ,1 HOUR,,1/1/2019,Percent relative humidity,None,24,100,26.291667,44,21,,61,Instrumental - Met One 083D,Compton,700 North Bullis Road,California,Los Angeles,Compton,"Los Angeles-Long Beach-Anaheim, CA",3/27/2020
6,37,1302,62201,1,33.901389,-118.205,WGS84,Relative Humidity ,1 HOUR,,1/2/2019,Percent relative humidity,None,24,100,38.25,57,23,,61,Instrumental - Met One 083D,Compton,700 North Bullis Road,California,Los Angeles,Compton,"Los Angeles-Long Beach-Anaheim, CA",3/27/2020
6,37,1302,62201,1,33.901389,-118.205,WGS84,Relative Humidity ,1 HOUR,,1/3/2019,Percent relative humidity,None,24,100,44.791667,80,21,,61,Instrumental - Met One 083D,Compton,700 North Bullis Road,California,Los Angeles,Compton,"Los Angeles-Long Beach-Anaheim, CA",3/27/2020
6,37,1302,62201,1,33.901389,-118.205,WGS84,Relative Humidity ,1 HOUR,,1/4/2019,Percent relative humidity,None,24,100,54.916667,78,0,,61,Instrumental - Met One 083D,Compton,700 North Bullis Road,California,Los Angeles,Compton,"Los Angeles-Long Beach-Anaheim, CA",3/27/2020
6,37,1302,62201,1,33.901389,-118.205,WGS84,Relative Humidity ,1 HOUR,,1/5/2019,Percent relative humidity,None,22,92,79,100,17,,61,Instrumental - Met One 083D,Compton,700 North Bullis Road,California,Los Angeles,Compton,"Los Angeles-Long Beach-Anaheim, CA",3/27/2020
6,37,1302,62201,1,33.901389,-118.205,WGS84,Relative Humidity ,1 HOUR,,1/7/2019,Percent relative humidity,None,8,33,88.125,100,22,,61,Instrumental - Met One 083D,Compton,700 North Bullis Road,California,Los Angeles,Compton,"Los Angeles-Long Beach-Anaheim, CA",3/27/2020
6,37,1302,62201,1,33.901389,-118.205,WGS84,Relative Humidity ,1 HOUR,,1/8/2019,Percent relative humidity,None,24,100,70.5,100,0,,61,Instrumental - Met One 083D,Compton,700 North Bullis Road,California,Los Angeles,Compton,"Los Angeles-Long Beach-Anaheim, CA",3/27/2020
6,37,1302,62201,1,33.901389,-118.205,WGS84,Relative Humidity ,1 HOUR,,1/9/2019,Percent relative humidity,None,24,100,85.833333,100,1,,61,Instrumental - Met One 083D,Compton,700 North Bullis Road,California,Los Angeles,Compton,"Los Angeles-Long Beach-Anaheim, CA",3/27/2020
6,37,1302,62201,1,33.901389,-118.205,WGS84,Relative Humidity ,1 HOUR,,1/10/2019,Percent relative humidity,None,24,100,89.75,100,0,,61,Instrumental - Met One 083D,Compton,700 North Bullis Road,California,Los Angeles,Compton,"Los Angeles-Long Beach-Anaheim, CA",3/27/2020
6,37,1302,62201,1,33.901389,-118.205,WGS84,Relative Humidity ,1 HOUR,,1/11/2019,Percent relative humidity,None,24,100,88.833333,99,5,,61,Instrumental - Met One 083D,Compton,700 North Bullis Road,California,Los Angeles,Compton,"Los Angeles-Long Beach-Anaheim, CA",3/27/2020
6,37,1302,62201,1,33.901389,-118.205,WGS84,Relative Humidity ,1 HOUR,,1/12/2019,Percent relative humidity,None,24,100,91.208333,100,2,,61,Instrumental - Met One 083D,Compton,700 North Bullis Road,California,Los Angeles,Compton,"Los Angeles-Long Beach-Anaheim, CA",3/27/2020
6,37,1302,62201,1,33.901389,-118.205,WGS84,Relative Humidity ,1 HOUR,,1/13/2019,Percent relative humidity,None,24,100,78.625,100,0,,61,Instrumental - Met One 083D,Compton,700 North Bullis Road,California,Los Angeles,Compton,"Los Angeles-Long Beach-Anaheim, CA",3/27/2020
6,37,1302,62201,1,33.901389,-118.205,WGS84,Relative Humidity ,1 HOUR,,1/14/2019,Percent relative humidity,None,24,100,88.583333,100,12,,61,Instrumental - Met One 083D,Compton,700 North Bullis Road,California,Los Angeles,Compton,"Los Angeles-Long Beach-Anaheim, CA",3/27/2020
6,37,1302,62201,1,33.901389,-118.205,WGS84,Relative Humidity ,1 HOUR,,1/15/2019,Percent relative humidity,None,24,100,92.541667,100,0,,61,Instrumental - Met One 083D,Compton,700 North Bullis Road,California,Los Angeles,Compton,"Los Angeles-Long Beach-Anaheim, CA",3/27/2020
6,37,1302,62201,1,33.901389,-118.205,WGS84,Relative Humidity ,1 HOUR,,1/16/2019,Percent relative humidity,None,24,100,100,100,0,,61,Instrumental - Met One 083D,Compton,700 North Bullis Road,California,Los Angeles,Compton,"Los Angeles-Long Beach-Anaheim, CA",3/27/2020
6,37,1302,62201,1,33.901389,-118.205,WGS84,Relative Humidity ,1 HOUR,,1/17/2019,Percent relative humidity,None,24,100,99.666667,100,0,,61,Instrumental - Met One 083D,Compton,700 North Bullis Road,California,Los Angeles,Compton,"Los Angeles-Long Beach-Anaheim, CA",3/27/2020
6,37,1302,62201,1,33.901389,-118.205,WGS84,Relative Humidity ,1 HOUR,,1/18/2019,Percent relative humidity,None,24,100,89.583333,100,0,,61,Instrumental - Met One 083D,Compton,700 North Bullis Road,California,Los Angeles,Compton,"Los Angeles-Long Beach-Anaheim, CA",3/27/2020
6,37,1302,62201,1,33.901389,-118.205,WGS84,Relative Humidity ,1 HOUR,,1/19/2019,Percent relative humidity,None,24,100,64.166667,100,0,,61,Instrumental - Met One 083D,Compton,700 North Bullis Road,California,Los Angeles,Compton,"Los Angeles-Long Beach-Anaheim, CA",3/27/2020
6,37,1302,62201,1,33.901389,-118.205,WGS84,Relative Humidity ,1 HOUR,,1/20/2019,Percent relative humidity,None,24,100,70.041667,96,20,,61,Instrumental - Met One 083D,Compton,700 North Bullis Road,California,Los Angeles,Compton,"Los Angeles-Long Beach-Anaheim, CA",3/27/2020
6,37,1302,62201,1,33.901389,-118.205,WGS84,Relative Humidity ,1 HOUR,,1/21/2019,Percent relative humidity,None,24,100,44.833333,88,0,,61,Instrumental - Met One 083D,Compton,700 North Bullis Road,California,Los Angeles,Compton,"Los Angeles-Long Beach-Anaheim, CA",3/27/2020
6,37,1302,62201,1,33.901389,-118.205,WGS84,Relative Humidity ,1 HOUR,,1/22/2019,Percent relative humidity,None,24,100,38.708333,69,5,,61,Instrumental - Met One 083D,Compton,700 North Bullis Road,California,Los Angeles,Compton,"Los Angeles-Long Beach-Anaheim, CA",3/27/2020
6,37,1302,62201,1,33.901389,-118.205,WGS84,Relative Humidity ,1 HOUR,,1/23/2019,Percent relative humidity,None,24,100,48.041667,86,23,,61,Instrumental - Met One 083D,Compton,700 North Bullis Road,California,Los Angeles,Compton,"Los Angeles-Long Beach-Anaheim, CA",3/27/2020
6,37,1302,62201,1,33.901389,-118.205,WGS84,Relative Humidity ,1 HOUR,,1/24/2019,Percent relative humidity,None,24,100,48.291667,88,0,,61,Instrumental - Met One 083D,Compton,700 North Bullis Road,California,Los Angeles,Compton,"Los Angeles-Long Beach-Anaheim, CA",3/27/2020
6,37,1302,62201,1,33.901389,-118.205,WGS84,Relative Humidity ,1 HOUR,,1/25/2019,Percent relative humidity,None,24,100,41.25,67,22,,61,Instrumental - Met One 083D,Compton,700 North Bullis Road,California,Los Angeles,Compton,"Los Angeles-Long Beach-Anaheim, CA",3/27/2020
6,37,1302,62201,1,33.901389,-118.205,WGS84,Relative Humidity ,1 HOUR,,1/26/2019,Percent relative humidity,None,24,100,34.958333,61,0,,61,Instrumental - Met One 083D,Compton,700 North Bullis Road,California,Los Angeles,Compton,"Los Angeles-Long Beach-Anaheim, CA",3/27/2020
6,37,1302,62201,1,33.901389,-118.205,WGS84,Relative Humidity ,1 HOUR,,1/27/2019,Percent relative humidity,None,24,100,43.208333,79,23,,61,Instrumental - Met One 083D,Compton,700 North Bullis Road,California,Los Angeles,Compton,"Los Angeles-Long Beach-Anaheim, CA",3/27/2020
6,37,1302,62201,1,33.901389,-118.205,WGS84,Relative Humidity ,1 HOUR,,1/28/2019,Percent relative humidity,None,24,100,59.208333,82,0,,61,Instrumental - Met One 083D,Compton,700 North Bullis Road,California,Los Angeles,Compton,"Los Angeles-Long Beach-Anaheim, CA",3/27/2020
6,37,1302,62201,1,33.901389,-118.205,WGS84,Relative Humidity ,1 HOUR,,1/29/2019,Percent relative humidity,None,24,100,81.041667,100,23,,61,Instrumental - Met One 083D,Compton,700 North Bullis Road,California,Los Angeles,Compton,"Los Angeles-Long Beach-Anaheim, CA",3/27/2020
6,37,1302,62201,1,33.901389,-118.205,WGS84,Relative Humidity ,1 HOUR,,1/30/2019,Percent relative humidity,None,24,100,87.375,100,0,,61,Instrumental - Met One 083D,Compton,700 North Bullis Road,California,Los Angeles,Compton,"Los Angeles-Long Beach-Anaheim, CA",3/27/2020
6,37,1302,62201,1,33.901389,-118.205,WGS84,Relative Humidity ,1 HOUR,,1/31/2019,Percent relative humidity,None,24,100,93.083333,100,0,,61,Instrumental - Met One 083D,Compton,700 North Bullis Road,California,Los Angeles,Compton,"Los Angeles-Long Beach-Anaheim, CA",3/27/2020
6,37,1302,62201,1,33.901389,-118.205,WGS84,Relative Humidity ,1 HOUR,,2/1/2019,Percent relative humidity,None,24,100,83.75,100,1,,61,Instrumental - Met One 083D,Compton,700 North Bullis Road,California,Los Angeles,Compton,"Los Angeles-Long Beach-Anaheim, CA",3/27/2020
6,37,1302,62201,1,33.901389,-118.205,WGS84,Relative Humidity ,1 HOUR,,2/2/2019,Percent relative humidity,None,18,75,96.388889,100,2,,61,Instrumental - Met One 083D,Compton,700 North Bullis Road,California,Los Angeles,Compton,"Los Angeles-Long Beach-Anaheim, CA",3/27/2020
6,37,1302,62201,1,33.901389,-118.205,WGS84,Relative Humidity ,1 HOUR,,2/15/2019,Percent relative humidity,None,9,38,80.222222,94,18,,61,Instrumental - Met One 083D,Compton,700 North Bullis Road,California,Los Angeles,Compton,"Los Angeles-Long Beach-Anaheim, CA",3/27/2020
6,37,1302,62201,1,33.901389,-118.205,WGS84,Relative Humidity ,1 HOUR,,2/16/2019,Percent relative humidity,None,24,100,61.041667,89,0,,61,Instrumental - Met One 083D,Compton,700 North Bullis Road,California,Los Angeles,Compton,"Los Angeles-Long Beach-Anaheim, CA",3/27/2020
6,37,1302,62201,1,33.901389,-118.205,WGS84,Relative Humidity ,1 HOUR,,2/17/2019,Percent relative humidity,None,24,100,61.708333,75,1,,61,Instrumental - Met One 083D,Compton,700 North Bullis Road,California,Los Angeles,Compton,"Los Angeles-Long Beach-Anaheim, CA",3/27/2020
6,37,1302,62201,1,33.901389,-118.205,WGS84,Relative Humidity ,1 HOUR,,2/18/2019,Percent relative humidity,None,24,100,43.666667,60,6,,61,Instrumental - Met One 083D,Compton,700 North Bullis Road,California,Los Angeles,Compton,"Los Angeles-Long Beach-Anaheim, CA",3/27/2020
6,37,1302,62201,1,33.901389,-118.205,WGS84,Relative Humidity ,1 HOUR,,2/19/2019,Percent relative humidity,None,24,100,44.208333,71,23,,61,Instrumental - Met One 083D,Compton,700 North Bullis Road,California,Los Angeles,Compton,"Los Angeles-Long Beach-Anaheim, CA",3/27/2020
6,37,1302,62201,1,33.901389,-118.205,WGS84,Relative Humidity ,1 HOUR,,2/20/2019,Percent relative humidity,None,22,92,69.090909,87,23,,61,Instrumental - Met One 083D,Compton,700 North Bullis Road,California,Los Angeles,Compton,"Los Angeles-Long Beach-Anaheim, CA",3/27/2020
6,37,1302,62201,1,33.901389,-118.205,WGS84,Relative Humidity ,1 HOUR,,2/21/2019,Percent relative humidity,None,24,100,68.25,95,5,,61,Instrumental - Met One 083D,Compton,700 North Bullis Road,California,Los Angeles,Compton,"Los Angeles-Long Beach-Anaheim, CA",3/27/2020
6,37,1302,62201,1,33.901389,-118.205,WGS84,Relative Humidity ,1 HOUR,,2/22/2019,Percent relative humidity,None,24,100,57.625,90,5,,61,Instrumental - Met One 083D,Compton,700 North Bullis Road,California,Los Angeles,Compton,"Los Angeles-Long Beach-Anaheim, CA",3/27/2020
6,37,1302,62201,1,33.901389,-118.205,WGS84,Relative Humidity ,1 HOUR,,2/23/2019,Percent relative humidity,None,24,100,58.791667,81,23,,61,Instrumental - Met One 083D,Compton,700 North Bullis Road,California,Los Angeles,Compton,"Los Angeles-Long Beach-Anaheim, CA",3/27/2020
6,37,1302,62201,1,33.901389,-118.205,WGS84,Relative Humidity ,1 HOUR,,2/24/2019,Percent relative humidity,None,24,100,58.541667,85,1,,61,Instrumental - Met One 083D,Compton,700 North Bullis Road,California,Los Angeles,Compton,"Los Angeles-Long Beach-Anaheim, CA",3/27/2020
6,37,1302,62201,1,33.901389,-118.205,WGS84,Relative Humidity ,1 HOUR,,2/25/2019,Percent relative humidity,None,24,100,68.25,91,23,,61,Instrumental - Met One 083D,Compton,700 North Bullis Road,California,Los Angeles,Compton,"Los Angeles-Long Beach-Anaheim, CA",3/27/2020
6,37,1302,62201,1,33.901389,-118.205,WGS84,Relative Humidity ,1 HOUR,,2/26/2019,Percent relative humidity,None,24,100,78.625,98,7,,61,Instrumental - Met One 083D,Compton,700 North Bullis Road,California,Los Angeles,Compton,"Los Angeles-Long Beach-Anaheim, CA",3/27/2020
6,37,1302,62201,1,33.901389,-118.205,WGS84,Relative Humidity ,1 HOUR,,2/27/2019,Percent relative humidity,None,24,100,72.166667,91,5,,61,Instrumental - Met One 083D,Compton,700 North Bullis Road,California,Los Angeles,Compton,"Los Angeles-Long Beach-Anaheim, CA",3/27/2020
6,37,1302,62201,1,33.901389,-118.205,WGS84,Relative Humidity ,1 HOUR,,2/28/2019,Percent relative humidity,None,24,100,83.75,94,5,,61,Instrumental - Met One 083D,Compton,700 North Bullis Road,California,Los Angeles,Compton,"Los Angeles-Long Beach-Anaheim, CA",3/27/2020
6,37,1302,62201,1,33.901389,-118.205,WGS84,Relative Humidity ,1 HOUR,,3/1/2019,Percent relative humidity,None,24,100,78.875,90,0,,61,Instrumental - Met One 083D,Compton,700 North Bullis Road,California,Los Angeles,Compton,"Los Angeles-Long Beach-Anaheim, CA",3/27/2020
6,37,1302,62201,1,33.901389,-118.205,WGS84,Relative Humidity ,1 HOUR,,3/2/2019,Percent relative humidity,None,24,100,93.541667,97,6,,61,Instrumental - Met One 083D,Compton,700 North Bullis Road,California,Los Angeles,Compton,"Los Angeles-Long Beach-Anaheim, CA",3/27/2020
6,37,1302,62201,1,33.901389,-118.205,WGS84,Relative Humidity ,1 HOUR,,3/3/2019,Percent relative humidity,None,24,100,85.25,96,0,,61,Instrumental - Met One 083D,Compton,700 North Bullis Road,California,Los Angeles,Compton,"Los Angeles-Long Beach-Anaheim, CA",3/27/2020
6,37,1302,62201,1,33.901389,-118.205,WGS84,Relative Humidity ,1 HOUR,,3/4/2019,Percent relative humidity,None,24,100,76.416667,91,1,,61,Instrumental - Met One 083D,Compton,700 North Bullis Road,California,Los Angeles,Compton,"Los Angeles-Long Beach-Anaheim, CA",3/27/2020
6,37,1302,62201,1,33.901389,-118.205,WGS84,Relative Humidity ,1 HOUR,,3/5/2019,Percent relative humidity,None,24,100,78.083333,93,3,,61,Instrumental - Met One 083D,Compton,700 North Bullis Road,California,Los Angeles,Compton,"Los Angeles-Long Beach-Anaheim, CA",3/27/2020
6,37,1302,62201,1,33.901389,-118.205,WGS84,Relative Humidity ,1 HOUR,,3/6/2019,Percent relative humidity,None,24,100,92.958333,98,23,,61,Instrumental - Met One 083D,Compton,700 North Bullis Road,California,Los Angeles,Compton,"Los Angeles-Long Beach-Anaheim, CA",3/27/2020
6,37,1302,62201,1,33.901389,-118.205,WGS84,Relative Humidity ,1 HOUR,,3/7/2019,Percent relative humidity,None,24,100,75.833333,97,6,,61,Instrumental - Met One 083D,Compton,700 North Bullis Road,California,Los Angeles,Compton,"Los Angeles-Long Beach-Anaheim, CA",3/27/2020
6,37,1302,62201,1,33.901389,-118.205,WGS84,Relative Humidity ,1 HOUR,,3/8/2019,Percent relative humidity,None,24,100,68.208333,88,5,,61,Instrumental - Met One 083D,Compton,700 North Bullis Road,California,Los Angeles,Compton,"Los Angeles-Long Beach-Anaheim, CA",3/27/2020
6,37,1302,62201,1,33.901389,-118.205,WGS84,Relative Humidity ,1 HOUR,,3/9/2019,Percent relative humidity,None,13,54,75.769231,84,5,,61,Instrumental - Met One 083D,Compton,700 North Bullis Road,California,Los Angeles,Compton,"Los Angeles-Long Beach-Anaheim, CA",3/27/2020
6,37,1302,62201,1,33.901389,-118.205,WGS84,Relative Humidity ,1 HOUR,,3/10/2019,Percent relative humidity,None,24,100,69.208333,85,5,,61,Instrumental - Met One 083D,Compton,700 North Bullis Road,California,Los Angeles,Compton,"Los Angeles-Long Beach-Anaheim, CA",3/27/2020
6,37,1302,62201,1,33.901389,-118.205,WGS84,Relative Humidity ,1 HOUR,,3/11/2019,Percent relative humidity,None,24,100,61.25,89,3,,61,Instrumental - Met One 083D,Compton,700 North Bullis Road,California,Los Angeles,Compton,"Los Angeles-Long Beach-Anaheim, CA",3/27/2020
6,37,1302,62201,1,33.901389,-118.205,WGS84,Relative Humidity ,1 HOUR,,3/12/2019,Percent relative humidity,None,24,100,70.791667,87,5,,61,Instrumental - Met One 083D,Compton,700 North Bullis Road,California,Los Angeles,Compton,"Los Angeles-Long Beach-Anaheim, CA",3/27/2020
6,37,1302,62201,1,33.901389,-118.205,WGS84,Relative Humidity ,1 HOUR,,3/13/2019,Percent relative humidity,None,24,100,63.958333,87,4,,61,Instrumental - Met One 083D,Compton,700 North Bullis Road,California,Los Angeles,Compton,"Los Angeles-Long Beach-Anaheim, CA",3/27/2020
6,37,1302,62201,1,33.901389,-118.205,WGS84,Relative Humidity ,1 HOUR,,3/14/2019,Percent relative humidity,None,24,100,40.416667,77,0,,61,Instrumental - Met One 083D,Compton,700 North Bullis Road,California,Los Angeles,Compton,"Los Angeles-Long Beach-Anaheim, CA",3/27/2020
6,37,1302,62201,1,33.901389,-118.205,WGS84,Relative Humidity ,1 HOUR,,3/15/2019,Percent relative humidity,None,24,100,28.75,57,3,,61,Instrumental - Met One 083D,Compton,700 North Bullis Road,California,Los Angeles,Compton,"Los Angeles-Long Beach-Anaheim, CA",3/27/2020
6,37,1302,62201,1,33.901389,-118.205,WGS84,Relative Humidity ,1 HOUR,,3/16/2019,Percent relative humidity,None,24,100,33.416667,56,23,,61,Instrumental - Met One 083D,Compton,700 North Bullis Road,California,Los Angeles,Compton,"Los Angeles-Long Beach-Anaheim, CA",3/27/2020
6,37,1302,62201,1,33.901389,-118.205,WGS84,Relative Humidity ,1 HOUR,,3/17/2019,Percent relative humidity,None,24,100,43.416667,86,23,,61,Instrumental - Met One 083D,Compton,700 North Bullis Road,California,Los Angeles,Compton,"Los Angeles-Long Beach-Anaheim, CA",3/27/2020
6,37,1302,62201,1,33.901389,-118.205,WGS84,Relative Humidity ,1 HOUR,,3/18/2019,Percent relative humidity,None,24,100,65.458333,92,23,,61,Instrumental - Met One 083D,Compton,700 North Bullis Road,California,Los Angeles,Compton,"Los Angeles-Long Beach-Anaheim, CA",3/27/2020
6,37,1302,62201,1,33.901389,-118.205,WGS84,Relative Humidity ,1 HOUR,,3/19/2019,Percent relative humidity,None,24,100,83.125,99,6,,61,Instrumental - Met One 083D,Compton,700 North Bullis Road,California,Los Angeles,Compton,"Los Angeles-Long Beach-Anaheim, CA",3/27/2020
6,37,1302,62201,1,33.901389,-118.205,WGS84,Relative Humidity ,1 HOUR,,3/20/2019,Percent relative humidity,None,24,100,80.166667,92,5,,61,Instrumental - Met One 083D,Compton,700 North Bullis Road,California,Los Angeles,Compton,"Los Angeles-Long Beach-Anaheim, CA",3/27/2020
6,37,1302,62201,1,33.901389,-118.205,WGS84,Relative Humidity ,1 HOUR,,3/21/2019,Percent relative humidity,None,24,100,75.916667,86,3,,61,Instrumental - Met One 083D,Compton,700 North Bullis Road,California,Los Angeles,Compton,"Los Angeles-Long Beach-Anaheim, CA",3/27/2020
6,37,1302,62201,1,33.901389,-118.205,WGS84,Relative Humidity ,1 HOUR,,3/22/2019,Percent relative humidity,None,24,100,75.291667,94,5,,61,Instrumental - Met One 083D,Compton,700 North Bullis Road,California,Los Angeles,Compton,"Los Angeles-Long Beach-Anaheim, CA",3/27/2020
6,37,1302,62201,1,33.901389,-118.205,WGS84,Relative Humidity ,1 HOUR,,3/23/2019,Percent relative humidity,None,24,100,75.25,89,23,,61,Instrumental - Met One 083D,Compton,700 North Bullis Road,California,Los Angeles,Compton,"Los Angeles-Long Beach-Anaheim, CA",3/27/2020
6,37,1302,62201,1,33.901389,-118.205,WGS84,Relative Humidity ,1 HOUR,,3/24/2019,Percent relative humidity,None,24,100,74.333333,92,3,,61,Instrumental - Met One 083D,Compton,700 North Bullis Road,California,Los Angeles,Compton,"Los Angeles-Long Beach-Anaheim, CA",3/27/2020
6,37,1302,62201,1,33.901389,-118.205,WGS84,Relative Humidity ,1 HOUR,,3/25/2019,Percent relative humidity,None,24,100,67.083333,91,1,,61,Instrumental - Met One 083D,Compton,700 North Bullis Road,California,Los Angeles,Compton,"Los Angeles-Long Beach-Anaheim, CA",3/27/2020
6,37,1302,62201,1,33.901389,-118.205,WGS84,Relative Humidity ,1 HOUR,,3/26/2019,Percent relative humidity,None,24,100,69.416667,92,4,,61,Instrumental - Met One 083D,Compton,700 North Bullis Road,California,Los Angeles,Compton,"Los Angeles-Long Beach-Anaheim, CA",3/27/2020
6,37,1302,62201,1,33.901389,-118.205,WGS84,Relative Humidity ,1 HOUR,,3/27/2019,Percent relative humidity,None,24,100,76.875,90,23,,61,Instrumental - Met One 083D,Compton,700 North Bullis Road,California,Los Angeles,Compton,"Los Angeles-Long Beach-Anaheim, CA",3/27/2020
6,37,1302,62201,1,33.901389,-118.205,WGS84,Relative Humidity ,1 HOUR,,3/28/2019,Percent relative humidity,None,24,100,70.375,94,4,,61,Instrumental - Met One 083D,Compton,700 North Bullis Road,California,Los Angeles,Compton,"Los Angeles-Long Beach-Anaheim, CA",3/27/2020
6,37,1302,62201,1,33.901389,-118.205,WGS84,Relative Humidity ,1 HOUR,,3/29/2019,Percent relative humidity,None,24,100,66.416667,87,1,,61,Instrumental - Met One 083D,Compton,700 North Bullis Road,California,Los Angeles,Compton,"Los Angeles-Long Beach-Anaheim, CA",3/27/2020
6,37,1302,62201,1,33.901389,-118.205,WGS84,Relative Humidity ,1 HOUR,,3/30/2019,Percent relative humidity,None,24,100,52.083333,87,4,,61,Instrumental - Met One 083D,Compton,700 North Bullis Road,California,Los Angeles,Compton,"Los Angeles-Long Beach-Anaheim, CA",3/27/2020
6,37,1302,62201,1,33.901389,-118.205,WGS84,Relative Humidity ,1 HOUR,,3/31/2019,Percent relative humidity,None,24,100,41.041667,72,5,,61,Instrumental - Met One 083D,Compton,700 North Bullis Road,California,Los Angeles,Compton,"Los Angeles-Long Beach-Anaheim, CA",3/27/2020
6,37,1302,62201,1,33.901389,-118.205,WGS84,Relative Humidity ,1 HOUR,,4/1/2019,Percent relative humidity,None,24,100,42.291667,79,23,,61,Instrumental - Met One 083D,Compton,700 North Bullis Road,California,Los Angeles,Compton,"Los Angeles-Long Beach-Anaheim, CA",3/27/2020
6,37,1302,62201,1,33.901389,-118.205,WGS84,Relative Humidity ,1 HOUR,,4/2/2019,Percent relative humidity,None,24,100,75.458333,89,1,,61,Instrumental - Met One 083D,Compton,700 North Bullis Road,California,Los Angeles,Compton,"Los Angeles-Long Beach-Anaheim, CA",3/27/2020
6,37,1302,62201,1,33.901389,-118.205,WGS84,Relative Humidity ,1 HOUR,,4/3/2019,Percent relative humidity,None,24,100,72.708333,86,1,,61,Instrumental - Met One 083D,Compton,700 North Bullis Road,California,Los Angeles,Compton,"Los Angeles-Long Beach-Anaheim, CA",3/27/2020
6,37,1302,62201,1,33.901389,-118.205,WGS84,Relative Humidity ,1 HOUR,,4/4/2019,Percent relative humidity,None,24,100,68.541667,85,1,,61,Instrumental - Met One 083D,Compton,700 North Bullis Road,California,Los Angeles,Compton,"Los Angeles-Long Beach-Anaheim, CA",3/27/2020
6,37,1302,62201,1,33.901389,-118.205,WGS84,Relative Humidity ,1 HOUR,,4/5/2019,Percent relative humidity,None,24,100,68.416667,84,22,,61,Instrumental - Met One 083D,Compton,700 North Bullis Road,California,Los Angeles,Compton,"Los Angeles-Long Beach-Anaheim, CA",3/27/2020
6,37,1302,62201,1,33.901389,-118.205,WGS84,Relative Humidity ,1 HOUR,,4/6/2019,Percent relative humidity,None,24,100,72.833333,87,1,,61,Instrumental - Met One 083D,Compton,700 North Bullis Road,California,Los Angeles,Compton,"Los Angeles-Long Beach-Anaheim, CA",3/27/2020
6,37,1302,62201,1,33.901389,-118.205,WGS84,Relative Humidity ,1 HOUR,,4/7/2019,Percent relative humidity,None,24,100,69.583333,89,2,,61,Instrumental - Met One 083D,Compton,700 North Bullis Road,California,Los Angeles,Compton,"Los Angeles-Long Beach-Anaheim, CA",3/27/2020
6,37,1302,62201,1,33.901389,-118.205,WGS84,Relative Humidity ,1 HOUR,,4/8/2019,Percent relative humidity,None,24,100,60.875,84,2,,61,Instrumental - Met One 083D,Compton,700 North Bullis Road,California,Los Angeles,Compton,"Los Angeles-Long Beach-Anaheim, CA",3/27/2020
6,37,1302,62201,1,33.901389,-118.205,WGS84,Relative Humidity ,1 HOUR,,4/9/2019,Percent relative humidity,None,24,100,54.083333,89,5,,61,Instrumental - Met One 083D,Compton,700 North Bullis Road,California,Los Angeles,Compton,"Los Angeles-Long Beach-Anaheim, CA",3/27/2020
6,37,1302,62201,1,33.901389,-118.205,WGS84,Relative Humidity ,1 HOUR,,4/10/2019,Percent relative humidity,None,24,100,29.375,53,18,,61,Instrumental - Met One 083D,Compton,700 North Bullis Road,California,Los Angeles,Compton,"Los Angeles-Long Beach-Anaheim, CA",3/27/2020
6,37,1302,62201,1,33.901389,-118.205,WGS84,Relative Humidity ,1 HOUR,,4/11/2019,Percent relative humidity,None,24,100,59.75,80,22,,61,Instrumental - Met One 083D,Compton,700 North Bullis Road,California,Los Angeles,Compton,"Los Angeles-Long Beach-Anaheim, CA",3/27/2020
6,37,1302,62201,1,33.901389,-118.205,WGS84,Relative Humidity ,1 HOUR,,4/12/2019,Percent relative humidity,None,24,100,65,88,4,,61,Instrumental - Met One 083D,Compton,700 North Bullis Road,California,Los Angeles,Compton,"Los Angeles-Long Beach-Anaheim, CA",3/27/2020
6,37,1302,62201,1,33.901389,-118.205,WGS84,Relative Humidity ,1 HOUR,,4/13/2019,Percent relative humidity,None,24,100,62.416667,89,4,,61,Instrumental - Met One 083D,Compton,700 North Bullis Road,California,Los Angeles,Compton,"Los Angeles-Long Beach-Anaheim, CA",3/27/2020
6,37,1302,62201,1,33.901389,-118.205,WGS84,Relative Humidity ,1 HOUR,,4/14/2019,Percent relative humidity,None,24,100,73.833333,98,6,,61,Instrumental - Met One 083D,Compton,700 North Bullis Road,California,Los Angeles,Compton,"Los Angeles-Long Beach-Anaheim, CA",3/27/2020
6,37,1302,62201,1,33.901389,-118.205,WGS84,Relative Humidity ,1 HOUR,,4/15/2019,Percent relative humidity,None,24,100,74.458333,93,2,,61,Instrumental - Met One 083D,Compton,700 North Bullis Road,California,Los Angeles,Compton,"Los Angeles-Long Beach-Anaheim, CA",3/27/2020
6,37,1302,62201,1,33.901389,-118.205,WGS84,Relative Humidity ,1 HOUR,,4/16/2019,Percent relative humidity,None,24,100,69.708333,79,23,,61,Instrumental - Met One 083D,Compton,700 North Bullis Road,California,Los Angeles,Compton,"Los Angeles-Long Beach-Anaheim, CA",3/27/2020
6,37,1302,62201,1,33.901389,-118.205,WGS84,Relative Humidity ,1 HOUR,,4/17/2019,Percent relative humidity,None,24,100,68.791667,88,4,,61,Instrumental - Met One 083D,Compton,700 North Bullis Road,California,Los Angeles,Compton,"Los Angeles-Long Beach-Anaheim, CA",3/27/2020
6,37,1302,62201,1,33.901389,-118.205,WGS84,Relative Humidity ,1 HOUR,,4/18/2019,Percent relative humidity,None,24,100,65.583333,93,23,,61,Instrumental - Met One 083D,Compton,700 North Bullis Road,California,Los Angeles,Compton,"Los Angeles-Long Beach-Anaheim, CA",3/27/2020
6,37,1302,62201,1,33.901389,-118.205,WGS84,Relative Humidity ,1 HOUR,,4/19/2019,Percent relative humidity,None,24,100,80.541667,92,0,,61,Instrumental - Met One 083D,Compton,700 North Bullis Road,California,Los Angeles,Compton,"Los Angeles-Long Beach-Anaheim, CA",3/27/2020
6,37,1302,62201,1,33.901389,-118.205,WGS84,Relative Humidity ,1 HOUR,,4/20/2019,Percent relative humidity,None,24,100,75.333333,83,22,,61,Instrumental - Met One 083D,Compton,700 North Bullis Road,California,Los Angeles,Compton,"Los Angeles-Long Beach-Anaheim, CA",3/27/2020
6,37,1302,62201,1,33.901389,-118.205,WGS84,Relative Humidity ,1 HOUR,,4/21/2019,Percent relative humidity,None,24,100,68.625,87,5,,61,Instrumental - Met One 083D,Compton,700 North Bullis Road,California,Los Angeles,Compton,"Los Angeles-Long Beach-Anaheim, CA",3/27/2020
6,37,1302,62201,1,33.901389,-118.205,WGS84,Relative Humidity ,1 HOUR,,4/22/2019,Percent relative humidity,None,24,100,72.875,88,3,,61,Instrumental - Met One 083D,Compton,700 North Bullis Road,California,Los Angeles,Compton,"Los Angeles-Long Beach-Anaheim, CA",3/27/2020
6,37,1302,62201,1,33.901389,-118.205,WGS84,Relative Humidity ,1 HOUR,,4/23/2019,Percent relative humidity,None,24,100,76.583333,92,4,,61,Instrumental - Met One 083D,Compton,700 North Bullis Road,California,Los Angeles,Compton,"Los Angeles-Long Beach-Anaheim, CA",3/27/2020
6,37,1302,62201,1,33.901389,-118.205,WGS84,Relative Humidity ,1 HOUR,,4/24/2019,Percent relative humidity,None,24,100,78.166667,91,0,,61,Instrumental - Met One 083D,Compton,700 North Bullis Road,California,Los Angeles,Compton,"Los Angeles-Long Beach-Anaheim, CA",3/27/2020
6,37,1302,62201,1,33.901389,-118.205,WGS84,Relative Humidity ,1 HOUR,,4/25/2019,Percent relative humidity,None,24,100,75.625,92,0,,61,Instrumental - Met One 083D,Compton,700 North Bullis Road,California,Los Angeles,Compton,"Los Angeles-Long Beach-Anaheim, CA",3/27/2020
6,37,1302,62201,1,33.901389,-118.205,WGS84,Relative Humidity ,1 HOUR,,4/26/2019,Percent relative humidity,None,24,100,79.416667,91,3,,61,Instrumental - Met One 083D,Compton,700 North Bullis Road,California,Los Angeles,Compton,"Los Angeles-Long Beach-Anaheim, CA",3/27/2020
6,37,1302,62201,1,33.901389,-118.205,WGS84,Relative Humidity ,1 HOUR,,4/27/2019,Percent relative humidity,None,24,100,78.041667,83,0,,61,Instrumental - Met One 083D,Compton,700 North Bullis Road,California,Los Angeles,Compton,"Los Angeles-Long Beach-Anaheim, CA",3/27/2020
6,37,1302,62201,1,33.901389,-118.205,WGS84,Relative Humidity ,1 HOUR,,4/28/2019,Percent relative humidity,None,24,100,74.875,83,2,,61,Instrumental - Met One 083D,Compton,700 North Bullis Road,California,Los Angeles,Compton,"Los Angeles-Long Beach-Anaheim, CA",3/27/2020
6,37,1302,62201,1,33.901389,-118.205,WGS84,Relative Humidity ,1 HOUR,,4/29/2019,Percent relative humidity,None,24,100,78.916667,95,2,,61,Instrumental - Met One 083D,Compton,700 North Bullis Road,California,Los Angeles,Compton,"Los Angeles-Long Beach-Anaheim, CA",3/27/2020
6,37,1302,62201,1,33.901389,-118.205,WGS84,Relative Humidity ,1 HOUR,,4/30/2019,Percent relative humidity,None,24,100,71.708333,89,3,,61,Instrumental - Met One 083D,Compton,700 North Bullis Road,California,Los Angeles,Compton,"Los Angeles-Long Beach-Anaheim, CA",3/27/2020
6,37,1302,62201,1,33.901389,-118.205,WGS84,Relative Humidity ,1 HOUR,,5/1/2019,Percent relative humidity,None,24,100,69.541667,87,4,,61,Instrumental - Met One 083D,Compton,700 North Bullis Road,California,Los Angeles,Compton,"Los Angeles-Long Beach-Anaheim, CA",3/27/2020
6,37,1302,62201,1,33.901389,-118.205,WGS84,Relative Humidity ,1 HOUR,,5/2/2019,Percent relative humidity,None,24,100,76.375,89,3,,61,Instrumental - Met One 083D,Compton,700 North Bullis Road,California,Los Angeles,Compton,"Los Angeles-Long Beach-Anaheim, CA",3/27/2020
6,37,1302,62201,1,33.901389,-118.205,WGS84,Relative Humidity ,1 HOUR,,5/3/2019,Percent relative humidity,None,24,100,73.791667,91,1,,61,Instrumental - Met One 083D,Compton,700 North Bullis Road,California,Los Angeles,Compton,"Los Angeles-Long Beach-Anaheim, CA",3/27/2020
6,37,1302,62201,1,33.901389,-118.205,WGS84,Relative Humidity ,1 HOUR,,5/4/2019,Percent relative humidity,None,24,100,72.375,85,0,,61,Instrumental - Met One 083D,Compton,700 North Bullis Road,California,Los Angeles,Compton,"Los Angeles-Long Beach-Anaheim, CA",3/27/2020
6,37,1302,62201,1,33.901389,-118.205,WGS84,Relative Humidity ,1 HOUR,,5/5/2019,Percent relative humidity,None,24,100,71.041667,81,0,,61,Instrumental - Met One 083D,Compton,700 North Bullis Road,California,Los Angeles,Compton,"Los Angeles-Long Beach-Anaheim, CA",3/27/2020
6,37,1302,62201,1,33.901389,-118.205,WGS84,Relative Humidity ,1 HOUR,,5/6/2019,Percent relative humidity,None,24,100,69.416667,89,5,,61,Instrumental - Met One 083D,Compton,700 North Bullis Road,California,Los Angeles,Compton,"Los Angeles-Long Beach-Anaheim, CA",3/27/2020
6,37,1302,62201,1,33.901389,-118.205,WGS84,Relative Humidity ,1 HOUR,,5/7/2019,Percent relative humidity,None,24,100,70.75,85,5,,61,Instrumental - Met One 083D,Compton,700 North Bullis Road,California,Los Angeles,Compton,"Los Angeles-Long Beach-Anaheim, CA",3/27/2020
6,37,1302,62201,1,33.901389,-118.205,WGS84,Relative Humidity ,1 HOUR,,5/8/2019,Percent relative humidity,None,24,100,72.375,81,5,,61,Instrumental - Met One 083D,Compton,700 North Bullis Road,California,Los Angeles,Compton,"Los Angeles-Long Beach-Anaheim, CA",3/27/2020
6,37,1302,62201,1,33.901389,-118.205,WGS84,Relative Humidity ,1 HOUR,,5/9/2019,Percent relative humidity,None,24,100,70.125,77,5,,61,Instrumental - Met One 083D,Compton,700 North Bullis Road,California,Los Angeles,Compton,"Los Angeles-Long Beach-Anaheim, CA",3/27/2020
6,37,1302,62201,1,33.901389,-118.205,WGS84,Relative Humidity ,1 HOUR,,5/10/2019,Percent relative humidity,None,24,100,71.375,80,23,,61,Instrumental - Met One 083D,Compton,700 North Bullis Road,California,Los Angeles,Compton,"Los Angeles-Long Beach-Anaheim, CA",3/27/2020
6,37,1302,62201,1,33.901389,-118.205,WGS84,Relative Humidity ,1 HOUR,,5/11/2019,Percent relative humidity,None,24,100,70.583333,89,4,,61,Instrumental - Met One 083D,Compton,700 North Bullis Road,California,Los Angeles,Compton,"Los Angeles-Long Beach-Anaheim, CA",3/27/2020
6,37,1302,62201,1,33.901389,-118.205,WGS84,Relative Humidity ,1 HOUR,,5/12/2019,Percent relative humidity,None,24,100,78.208333,92,3,,61,Instrumental - Met One 083D,Compton,700 North Bullis Road,California,Los Angeles,Compton,"Los Angeles-Long Beach-Anaheim, CA",3/27/2020
6,37,1302,62201,1,33.901389,-118.205,WGS84,Relative Humidity ,1 HOUR,,5/13/2019,Percent relative humidity,None,24,100,79.541667,86,2,,61,Instrumental - Met One 083D,Compton,700 North Bullis Road,California,Los Angeles,Compton,"Los Angeles-Long Beach-Anaheim, CA",3/27/2020
6,37,1302,62201,1,33.901389,-118.205,WGS84,Relative Humidity ,1 HOUR,,5/14/2019,Percent relative humidity,None,24,100,77.708333,86,21,,61,Instrumental - Met One 083D,Compton,700 North Bullis Road,California,Los Angeles,Compton,"Los Angeles-Long Beach-Anaheim, CA",3/27/2020
6,37,1302,62201,1,33.901389,-118.205,WGS84,Relative Humidity ,1 HOUR,,5/15/2019,Percent relative humidity,None,24,100,76.333333,86,0,,61,Instrumental - Met One 083D,Compton,700 North Bullis Road,California,Los Angeles,Compton,"Los Angeles-Long Beach-Anaheim, CA",3/27/2020
6,37,1302,62201,1,33.901389,-118.205,WGS84,Relative Humidity ,1 HOUR,,5/16/2019,Percent relative humidity,None,24,100,73.125,96,7,,61,Instrumental - Met One 083D,Compton,700 North Bullis Road,California,Los Angeles,Compton,"Los Angeles-Long Beach-Anaheim, CA",3/27/2020
6,37,1302,62201,1,33.901389,-118.205,WGS84,Relative Humidity ,1 HOUR,,5/17/2019,Percent relative humidity,None,24,100,63.708333,88,4,,61,Instrumental - Met One 083D,Compton,700 North Bullis Road,California,Los Angeles,Compton,"Los Angeles-Long Beach-Anaheim, CA",3/27/2020
6,37,1302,62201,1,33.901389,-118.205,WGS84,Relative Humidity ,1 HOUR,,5/18/2019,Percent relative humidity,None,24,100,68.833333,86,1,,61,Instrumental - Met One 083D,Compton,700 North Bullis Road,California,Los Angeles,Compton,"Los Angeles-Long Beach-Anaheim, CA",3/27/2020
6,37,1302,62201,1,33.901389,-118.205,WGS84,Relative Humidity ,1 HOUR,,5/19/2019,Percent relative humidity,None,24,100,76.291667,92,5,,61,Instrumental - Met One 083D,Compton,700 North Bullis Road,California,Los Angeles,Compton,"Los Angeles-Long Beach-Anaheim, CA",3/27/2020
6,37,1302,62201,1,33.901389,-118.205,WGS84,Relative Humidity ,1 HOUR,,5/20/2019,Percent relative humidity,None,24,100,64.208333,80,1,,61,Instrumental - Met One 083D,Compton,700 North Bullis Road,California,Los Angeles,Compton,"Los Angeles-Long Beach-Anaheim, CA",3/27/2020
6,37,1302,62201,1,33.901389,-118.205,WGS84,Relative Humidity ,1 HOUR,,5/21/2019,Percent relative humidity,None,24,100,68.583333,82,1,,61,Instrumental - Met One 083D,Compton,700 North Bullis Road,California,Los Angeles,Compton,"Los Angeles-Long Beach-Anaheim, CA",3/27/2020
6,37,1302,62201,1,33.901389,-118.205,WGS84,Relative Humidity ,1 HOUR,,5/22/2019,Percent relative humidity,None,24,100,63.166667,80,3,,61,Instrumental - Met One 083D,Compton,700 North Bullis Road,California,Los Angeles,Compton,"Los Angeles-Long Beach-Anaheim, CA",3/27/2020
6,37,1302,62201,1,33.901389,-118.205,WGS84,Relative Humidity ,1 HOUR,,5/23/2019,Percent relative humidity,None,24,100,70.291667,84,23,,61,Instrumental - Met One 083D,Compton,700 North Bullis Road,California,Los Angeles,Compton,"Los Angeles-Long Beach-Anaheim, CA",3/27/2020
6,37,1302,62201,1,33.901389,-118.205,WGS84,Relative Humidity ,1 HOUR,,5/24/2019,Percent relative humidity,None,24,100,68.583333,90,4,,61,Instrumental - Met One 083D,Compton,700 North Bullis Road,California,Los Angeles,Compton,"Los Angeles-Long Beach-Anaheim, CA",3/27/2020
6,37,1302,62201,1,33.901389,-118.205,WGS84,Relative Humidity ,1 HOUR,,5/25/2019,Percent relative humidity,None,24,100,72.708333,87,4,,61,Instrumental - Met One 083D,Compton,700 North Bullis Road,California,Los Angeles,Compton,"Los Angeles-Long Beach-Anaheim, CA",3/27/2020
6,37,1302,62201,1,33.901389,-118.205,WGS84,Relative Humidity ,1 HOUR,,5/26/2019,Percent relative humidity,None,24,100,74.291667,88,18,,61,Instrumental - Met One 083D,Compton,700 North Bullis Road,California,Los Angeles,Compton,"Los Angeles-Long Beach-Anaheim, CA",3/27/2020
6,37,1302,62201,1,33.901389,-118.205,WGS84,Relative Humidity ,1 HOUR,,5/27/2019,Percent relative humidity,None,24,100,64.5,88,4,,61,Instrumental - Met One 083D,Compton,700 North Bullis Road,California,Los Angeles,Compton,"Los Angeles-Long Beach-Anaheim, CA",3/27/2020
6,37,1302,62201,1,33.901389,-118.205,WGS84,Relative Humidity ,1 HOUR,,5/28/2019,Percent relative humidity,None,24,100,67.125,87,2,,61,Instrumental - Met One 083D,Compton,700 North Bullis Road,California,Los Angeles,Compton,"Los Angeles-Long Beach-Anaheim, CA",3/27/2020
6,37,1302,62201,1,33.901389,-118.205,WGS84,Relative Humidity ,1 HOUR,,5/29/2019,Percent relative humidity,None,24,100,72.208333,90,4,,61,Instrumental - Met One 083D,Compton,700 North Bullis Road,California,Los Angeles,Compton,"Los Angeles-Long Beach-Anaheim, CA",3/27/2020
6,37,1302,62201,1,33.901389,-118.205,WGS84,Relative Humidity ,1 HOUR,,5/30/2019,Percent relative humidity,None,24,100,76.583333,91,1,,61,Instrumental - Met One 083D,Compton,700 North Bullis Road,California,Los Angeles,Compton,"Los Angeles-Long Beach-Anaheim, CA",3/27/2020
6,37,1302,62201,1,33.901389,-118.205,WGS84,Relative Humidity ,1 HOUR,,5/31/2019,Percent relative humidity,None,24,100,77.583333,92,2,,61,Instrumental - Met One 083D,Compton,700 North Bullis Road,California,Los Angeles,Compton,"Los Angeles-Long Beach-Anaheim, CA",3/27/2020
6,37,1302,62201,1,33.901389,-118.205,WGS84,Relative Humidity ,1 HOUR,,6/1/2019,Percent relative humidity,None,24,100,76.833333,84,3,,61,Instrumental - Met One 083D,Compton,700 North Bullis Road,California,Los Angeles,Compton,"Los Angeles-Long Beach-Anaheim, CA",3/27/2020
6,37,1302,62201,1,33.901389,-118.205,WGS84,Relative Humidity ,1 HOUR,,6/2/2019,Percent relative humidity,None,24,100,77.291667,84,8,,61,Instrumental - Met One 083D,Compton,700 North Bullis Road,California,Los Angeles,Compton,"Los Angeles-Long Beach-Anaheim, CA",3/27/2020
6,37,1302,62201,1,33.901389,-118.205,WGS84,Relative Humidity ,1 HOUR,,6/3/2019,Percent relative humidity,None,24,100,75.583333,85,21,,61,Instrumental - Met One 083D,Compton,700 North Bullis Road,California,Los Angeles,Compton,"Los Angeles-Long Beach-Anaheim, CA",3/27/2020
6,37,1302,62201,1,33.901389,-118.205,WGS84,Relative Humidity ,1 HOUR,,6/4/2019,Percent relative humidity,None,24,100,78.5,87,23,,61,Instrumental - Met One 083D,Compton,700 North Bullis Road,California,Los Angeles,Compton,"Los Angeles-Long Beach-Anaheim, CA",3/27/2020
6,37,1302,62201,1,33.901389,-118.205,WGS84,Relative Humidity ,1 HOUR,,6/5/2019,Percent relative humidity,None,24,100,81,90,6,,61,Instrumental - Met One 083D,Compton,700 North Bullis Road,California,Los Angeles,Compton,"Los Angeles-Long Beach-Anaheim, CA",3/27/2020
6,37,1302,62201,1,33.901389,-118.205,WGS84,Relative Humidity ,1 HOUR,,6/6/2019,Percent relative humidity,None,24,100,79.791667,92,2,,61,Instrumental - Met One 083D,Compton,700 North Bullis Road,California,Los Angeles,Compton,"Los Angeles-Long Beach-Anaheim, CA",3/27/2020
6,37,1302,62201,1,33.901389,-118.205,WGS84,Relative Humidity ,1 HOUR,,6/7/2019,Percent relative humidity,None,24,100,77.791667,86,3,,61,Instrumental - Met One 083D,Compton,700 North Bullis Road,California,Los Angeles,Compton,"Los Angeles-Long Beach-Anaheim, CA",3/27/2020
6,37,1302,62201,1,33.901389,-118.205,WGS84,Relative Humidity ,1 HOUR,,6/8/2019,Percent relative humidity,None,24,100,73.875,89,2,,61,Instrumental - Met One 083D,Compton,700 North Bullis Road,California,Los Angeles,Compton,"Los Angeles-Long Beach-Anaheim, CA",3/27/2020
6,37,1302,62201,1,33.901389,-118.205,WGS84,Relative Humidity ,1 HOUR,,6/9/2019,Percent relative humidity,None,24,100,73.708333,88,1,,61,Instrumental - Met One 083D,Compton,700 North Bullis Road,California,Los Angeles,Compton,"Los Angeles-Long Beach-Anaheim, CA",3/27/2020
6,37,1302,62201,1,33.901389,-118.205,WGS84,Relative Humidity ,1 HOUR,,6/10/2019,Percent relative humidity,None,24,100,68.166667,88,2,,61,Instrumental - Met One 083D,Compton,700 North Bullis Road,California,Los Angeles,Compton,"Los Angeles-Long Beach-Anaheim, CA",3/27/2020
6,37,1302,62201,1,33.901389,-118.205,WGS84,Relative Humidity ,1 HOUR,,6/11/2019,Percent relative humidity,None,24,100,68.708333,92,4,,61,Instrumental - Met One 083D,Compton,700 North Bullis Road,California,Los Angeles,Compton,"Los Angeles-Long Beach-Anaheim, CA",3/27/2020
6,37,1302,62201,1,33.901389,-118.205,WGS84,Relative Humidity ,1 HOUR,,6/12/2019,Percent relative humidity,None,24,100,77.458333,94,4,,61,Instrumental - Met One 083D,Compton,700 North Bullis Road,California,Los Angeles,Compton,"Los Angeles-Long Beach-Anaheim, CA",3/27/2020
6,37,1302,62201,1,33.901389,-118.205,WGS84,Relative Humidity ,1 HOUR,,6/13/2019,Percent relative humidity,None,24,100,76.958333,85,3,,61,Instrumental - Met One 083D,Compton,700 North Bullis Road,California,Los Angeles,Compton,"Los Angeles-Long Beach-Anaheim, CA",3/27/2020
6,37,1302,62201,1,33.901389,-118.205,WGS84,Relative Humidity ,1 HOUR,,6/14/2019,Percent relative humidity,None,24,100,74.541667,83,21,,61,Instrumental - Met One 083D,Compton,700 North Bullis Road,California,Los Angeles,Compton,"Los Angeles-Long Beach-Anaheim, CA",3/27/2020
6,37,1302,62201,1,33.901389,-118.205,WGS84,Relative Humidity ,1 HOUR,,6/15/2019,Percent relative humidity,None,24,100,74.666667,82,19,,61,Instrumental - Met One 083D,Compton,700 North Bullis Road,California,Los Angeles,Compton,"Los Angeles-Long Beach-Anaheim, CA",3/27/2020
6,37,1302,62201,1,33.901389,-118.205,WGS84,Relative Humidity ,1 HOUR,,6/16/2019,Percent relative humidity,None,24,100,77.083333,83,8,,61,Instrumental - Met One 083D,Compton,700 North Bullis Road,California,Los Angeles,Compton,"Los Angeles-Long Beach-Anaheim, CA",3/27/2020
6,37,1302,62201,1,33.901389,-118.205,WGS84,Relative Humidity ,1 HOUR,,6/17/2019,Percent relative humidity,None,24,100,75.458333,83,1,,61,Instrumental - Met One 083D,Compton,700 North Bullis Road,California,Los Angeles,Compton,"Los Angeles-Long Beach-Anaheim, CA",3/27/2020
6,37,1302,62201,1,33.901389,-118.205,WGS84,Relative Humidity ,1 HOUR,,6/18/2019,Percent relative humidity,None,24,100,76.5,86,3,,61,Instrumental - Met One 083D,Compton,700 North Bullis Road,California,Los Angeles,Compton,"Los Angeles-Long Beach-Anaheim, CA",3/27/2020
6,37,1302,62201,1,33.901389,-118.205,WGS84,Relative Humidity ,1 HOUR,,6/19/2019,Percent relative humidity,None,24,100,72.583333,82,0,,61,Instrumental - Met One 083D,Compton,700 North Bullis Road,California,Los Angeles,Compton,"Los Angeles-Long Beach-Anaheim, CA",3/27/2020
6,37,1302,62201,1,33.901389,-118.205,WGS84,Relative Humidity ,1 HOUR,,6/20/2019,Percent relative humidity,None,24,100,74.583333,80,6,,61,Instrumental - Met One 083D,Compton,700 North Bullis Road,California,Los Angeles,Compton,"Los Angeles-Long Beach-Anaheim, CA",3/27/2020
6,37,1302,62201,1,33.901389,-118.205,WGS84,Relative Humidity ,1 HOUR,,6/21/2019,Percent relative humidity,None,24,100,75.708333,87,5,,61,Instrumental - Met One 083D,Compton,700 North Bullis Road,California,Los Angeles,Compton,"Los Angeles-Long Beach-Anaheim, CA",3/27/2020
6,37,1302,62201,1,33.901389,-118.205,WGS84,Relative Humidity ,1 HOUR,,6/22/2019,Percent relative humidity,None,24,100,73.458333,85,23,,61,Instrumental - Met One 083D,Compton,700 North Bullis Road,California,Los Angeles,Compton,"Los Angeles-Long Beach-Anaheim, CA",3/27/2020
6,37,1302,62201,1,33.901389,-118.205,WGS84,Relative Humidity ,1 HOUR,,6/23/2019,Percent relative humidity,None,24,100,77.75,90,23,,61,Instrumental - Met One 083D,Compton,700 North Bullis Road,California,Los Angeles,Compton,"Los Angeles-Long Beach-Anaheim, CA",3/27/2020
6,37,1302,62201,1,33.901389,-118.205,WGS84,Relative Humidity ,1 HOUR,,6/24/2019,Percent relative humidity,None,24,100,81.875,94,5,,61,Instrumental - Met One 083D,Compton,700 North Bullis Road,California,Los Angeles,Compton,"Los Angeles-Long Beach-Anaheim, CA",3/27/2020
6,37,1302,62201,1,33.901389,-118.205,WGS84,Relative Humidity ,1 HOUR,,6/25/2019,Percent relative humidity,None,24,100,78.666667,85,2,,61,Instrumental - Met One 083D,Compton,700 North Bullis Road,California,Los Angeles,Compton,"Los Angeles-Long Beach-Anaheim, CA",3/27/2020
6,37,1302,62201,1,33.901389,-118.205,WGS84,Relative Humidity ,1 HOUR,,6/26/2019,Percent relative humidity,None,24,100,75.041667,85,21,,61,Instrumental - Met One 083D,Compton,700 North Bullis Road,California,Los Angeles,Compton,"Los Angeles-Long Beach-Anaheim, CA",3/27/2020
6,37,1302,62201,1,33.901389,-118.205,WGS84,Relative Humidity ,1 HOUR,,6/27/2019,Percent relative humidity,None,24,100,73.291667,86,23,,61,Instrumental - Met One 083D,Compton,700 North Bullis Road,California,Los Angeles,Compton,"Los Angeles-Long Beach-Anaheim, CA",3/27/2020
6,37,1302,62201,1,33.901389,-118.205,WGS84,Relative Humidity ,1 HOUR,,6/28/2019,Percent relative humidity,None,24,100,72.625,88,23,,61,Instrumental - Met One 083D,Compton,700 North Bullis Road,California,Los Angeles,Compton,"Los Angeles-Long Beach-Anaheim, CA",3/27/2020
6,37,1302,62201,1,33.901389,-118.205,WGS84,Relative Humidity ,1 HOUR,,6/29/2019,Percent relative humidity,None,24,100,67.208333,91,4,,61,Instrumental - Met One 083D,Compton,700 North Bullis Road,California,Los Angeles,Compton,"Los Angeles-Long Beach-Anaheim, CA",3/27/2020
6,37,1302,62201,1,33.901389,-118.205,WGS84,Relative Humidity ,1 HOUR,,6/30/2019,Percent relative humidity,None,24,100,66.333333,91,4,,61,Instrumental - Met One 083D,Compton,700 North Bullis Road,California,Los Angeles,Compton,"Los Angeles-Long Beach-Anaheim, CA",3/27/2020
6,37,1302,62201,1,33.901389,-118.205,WGS84,Relative Humidity ,1 HOUR,,7/1/2019,Percent relative humidity,None,24,100,67.041667,87,3,,61,Instrumental - Met One 083D,Compton,700 North Bullis Road,California,Los Angeles,Compton,"Los Angeles-Long Beach-Anaheim, CA",3/27/2020
6,37,1302,62201,1,33.901389,-118.205,WGS84,Relative Humidity ,1 HOUR,,7/2/2019,Percent relative humidity,None,24,100,70.041667,89,3,,61,Instrumental - Met One 083D,Compton,700 North Bullis Road,California,Los Angeles,Compton,"Los Angeles-Long Beach-Anaheim, CA",3/27/2020
6,37,1302,62201,1,33.901389,-118.205,WGS84,Relative Humidity ,1 HOUR,,7/3/2019,Percent relative humidity,None,24,100,70.291667,85,1,,61,Instrumental - Met One 083D,Compton,700 North Bullis Road,California,Los Angeles,Compton,"Los Angeles-Long Beach-Anaheim, CA",3/27/2020
6,37,1302,62201,1,33.901389,-118.205,WGS84,Relative Humidity ,1 HOUR,,7/4/2019,Percent relative humidity,None,23,96,72.086957,83,22,,61,Instrumental - Met One 083D,Compton,700 North Bullis Road,California,Los Angeles,Compton,"Los Angeles-Long Beach-Anaheim, CA",3/27/2020
6,37,1302,62201,1,33.901389,-118.205,WGS84,Relative Humidity ,1 HOUR,,7/5/2019,Percent relative humidity,None,24,100,73.875,87,23,,61,Instrumental - Met One 083D,Compton,700 North Bullis Road,California,Los Angeles,Compton,"Los Angeles-Long Beach-Anaheim, CA",3/27/2020
6,37,1302,62201,1,33.901389,-118.205,WGS84,Relative Humidity ,1 HOUR,,7/6/2019,Percent relative humidity,None,24,100,75.958333,86,0,,61,Instrumental - Met One 083D,Compton,700 North Bullis Road,California,Los Angeles,Compton,"Los Angeles-Long Beach-Anaheim, CA",3/27/2020
6,37,1302,62201,1,33.901389,-118.205,WGS84,Relative Humidity ,1 HOUR,,7/7/2019,Percent relative humidity,None,24,100,74.875,85,0,,61,Instrumental - Met One 083D,Compton,700 North Bullis Road,California,Los Angeles,Compton,"Los Angeles-Long Beach-Anaheim, CA",3/27/2020
6,37,1302,62201,1,33.901389,-118.205,WGS84,Relative Humidity ,1 HOUR,,7/8/2019,Percent relative humidity,None,24,100,70.625,82,21,,61,Instrumental - Met One 083D,Compton,700 North Bullis Road,California,Los Angeles,Compton,"Los Angeles-Long Beach-Anaheim, CA",3/27/2020
6,37,1302,62201,1,33.901389,-118.205,WGS84,Relative Humidity ,1 HOUR,,7/9/2019,Percent relative humidity,None,24,100,69.958333,85,21,,61,Instrumental - Met One 083D,Compton,700 North Bullis Road,California,Los Angeles,Compton,"Los Angeles-Long Beach-Anaheim, CA",3/27/2020
6,37,1302,62201,1,33.901389,-118.205,WGS84,Relative Humidity ,1 HOUR,,7/10/2019,Percent relative humidity,None,24,100,74.916667,88,2,,61,Instrumental - Met One 083D,Compton,700 North Bullis Road,California,Los Angeles,Compton,"Los Angeles-Long Beach-Anaheim, CA",3/27/2020
6,37,1302,62201,1,33.901389,-118.205,WGS84,Relative Humidity ,1 HOUR,,7/11/2019,Percent relative humidity,None,24,100,73.833333,90,3,,61,Instrumental - Met One 083D,Compton,700 North Bullis Road,California,Los Angeles,Compton,"Los Angeles-Long Beach-Anaheim, CA",3/27/2020
6,37,1302,62201,1,33.901389,-118.205,WGS84,Relative Humidity ,1 HOUR,,7/12/2019,Percent relative humidity,None,24,100,73.458333,90,3,,61,Instrumental - Met One 083D,Compton,700 North Bullis Road,California,Los Angeles,Compton,"Los Angeles-Long Beach-Anaheim, CA",3/27/2020
6,37,1302,62201,1,33.901389,-118.205,WGS84,Relative Humidity ,1 HOUR,,7/13/2019,Percent relative humidity,None,24,100,78.166667,92,4,,61,Instrumental - Met One 083D,Compton,700 North Bullis Road,California,Los Angeles,Compton,"Los Angeles-Long Beach-Anaheim, CA",3/27/2020
6,37,1302,62201,1,33.901389,-118.205,WGS84,Relative Humidity ,1 HOUR,,7/14/2019,Percent relative humidity,None,24,100,76.583333,90,0,,61,Instrumental - Met One 083D,Compton,700 North Bullis Road,California,Los Angeles,Compton,"Los Angeles-Long Beach-Anaheim, CA",3/27/2020
6,37,1302,62201,1,33.901389,-118.205,WGS84,Relative Humidity ,1 HOUR,,7/15/2019,Percent relative humidity,None,24,100,74.125,91,3,,61,Instrumental - Met One 083D,Compton,700 North Bullis Road,California,Los Angeles,Compton,"Los Angeles-Long Beach-Anaheim, CA",3/27/2020
6,37,1302,62201,1,33.901389,-118.205,WGS84,Relative Humidity ,1 HOUR,,7/16/2019,Percent relative humidity,None,24,100,75.833333,95,5,,61,Instrumental - Met One 083D,Compton,700 North Bullis Road,California,Los Angeles,Compton,"Los Angeles-Long Beach-Anaheim, CA",3/27/2020
6,37,1302,62201,1,33.901389,-118.205,WGS84,Relative Humidity ,1 HOUR,,7/17/2019,Percent relative humidity,None,24,100,74.333333,84,0,,61,Instrumental - Met One 083D,Compton,700 North Bullis Road,California,Los Angeles,Compton,"Los Angeles-Long Beach-Anaheim, CA",3/27/2020
6,37,1302,62201,1,33.901389,-118.205,WGS84,Relative Humidity ,1 HOUR,,7/18/2019,Percent relative humidity,None,24,100,74,84,23,,61,Instrumental - Met One 083D,Compton,700 North Bullis Road,California,Los Angeles,Compton,"Los Angeles-Long Beach-Anaheim, CA",3/27/2020
6,37,1302,62201,1,33.901389,-118.205,WGS84,Relative Humidity ,1 HOUR,,7/19/2019,Percent relative humidity,None,24,100,70.5,84,0,,61,Instrumental - Met One 083D,Compton,700 North Bullis Road,California,Los Angeles,Compton,"Los Angeles-Long Beach-Anaheim, CA",3/27/2020
6,37,1302,62201,1,33.901389,-118.205,WGS84,Relative Humidity ,1 HOUR,,7/20/2019,Percent relative humidity,None,24,100,70.625,84,23,,61,Instrumental - Met One 083D,Compton,700 North Bullis Road,California,Los Angeles,Compton,"Los Angeles-Long Beach-Anaheim, CA",3/27/2020
6,37,1302,62201,1,33.901389,-118.205,WGS84,Relative Humidity ,1 HOUR,,7/21/2019,Percent relative humidity,None,24,100,74.958333,87,4,,61,Instrumental - Met One 083D,Compton,700 North Bullis Road,California,Los Angeles,Compton,"Los Angeles-Long Beach-Anaheim, CA",3/27/2020
6,37,1302,62201,1,33.901389,-118.205,WGS84,Relative Humidity ,1 HOUR,,7/22/2019,Percent relative humidity,None,24,100,72.708333,89,0,,61,Instrumental - Met One 083D,Compton,700 North Bullis Road,California,Los Angeles,Compton,"Los Angeles-Long Beach-Anaheim, CA",3/27/2020
6,37,1302,62201,1,33.901389,-118.205,WGS84,Relative Humidity ,1 HOUR,,7/23/2019,Percent relative humidity,None,24,100,62.333333,84,0,,61,Instrumental - Met One 083D,Compton,700 North Bullis Road,California,Los Angeles,Compton,"Los Angeles-Long Beach-Anaheim, CA",3/27/2020
6,37,1302,62201,1,33.901389,-118.205,WGS84,Relative Humidity ,1 HOUR,,7/24/2019,Percent relative humidity,None,24,100,59.041667,81,4,,61,Instrumental - Met One 083D,Compton,700 North Bullis Road,California,Los Angeles,Compton,"Los Angeles-Long Beach-Anaheim, CA",3/27/2020
6,37,1302,62201,1,33.901389,-118.205,WGS84,Relative Humidity ,1 HOUR,,7/25/2019,Percent relative humidity,None,24,100,56.166667,73,2,,61,Instrumental - Met One 083D,Compton,700 North Bullis Road,California,Los Angeles,Compton,"Los Angeles-Long Beach-Anaheim, CA",3/27/2020
6,37,1302,62201,1,33.901389,-118.205,WGS84,Relative Humidity ,1 HOUR,,7/26/2019,Percent relative humidity,None,24,100,57.458333,76,23,,61,Instrumental - Met One 083D,Compton,700 North Bullis Road,California,Los Angeles,Compton,"Los Angeles-Long Beach-Anaheim, CA",3/27/2020
6,37,1302,62201,1,33.901389,-118.205,WGS84,Relative Humidity ,1 HOUR,,7/27/2019,Percent relative humidity,None,24,100,61.208333,81,5,,61,Instrumental - Met One 083D,Compton,700 North Bullis Road,California,Los Angeles,Compton,"Los Angeles-Long Beach-Anaheim, CA",3/27/2020
6,37,1302,62201,1,33.901389,-118.205,WGS84,Relative Humidity ,1 HOUR,,7/28/2019,Percent relative humidity,None,24,100,71.125,85,3,,61,Instrumental - Met One 083D,Compton,700 North Bullis Road,California,Los Angeles,Compton,"Los Angeles-Long Beach-Anaheim, CA",3/27/2020
6,37,1302,62201,1,33.901389,-118.205,WGS84,Relative Humidity ,1 HOUR,,7/29/2019,Percent relative humidity,None,24,100,75.625,89,2,,61,Instrumental - Met One 083D,Compton,700 North Bullis Road,California,Los Angeles,Compton,"Los Angeles-Long Beach-Anaheim, CA",3/27/2020
6,37,1302,62201,1,33.901389,-118.205,WGS84,Relative Humidity ,1 HOUR,,7/30/2019,Percent relative humidity,None,24,100,72.166667,86,1,,61,Instrumental - Met One 083D,Compton,700 North Bullis Road,California,Los Angeles,Compton,"Los Angeles-Long Beach-Anaheim, CA",3/27/2020
6,37,1302,62201,1,33.901389,-118.205,WGS84,Relative Humidity ,1 HOUR,,7/31/2019,Percent relative humidity,None,24,100,74.708333,88,3,,61,Instrumental - Met One 083D,Compton,700 North Bullis Road,California,Los Angeles,Compton,"Los Angeles-Long Beach-Anaheim, CA",3/27/2020
6,37,1302,62201,1,33.901389,-118.205,WGS84,Relative Humidity ,1 HOUR,,8/1/2019,Percent relative humidity,None,24,100,70.708333,87,4,,61,Instrumental - Met One 083D,Compton,700 North Bullis Road,California,Los Angeles,Compton,"Los Angeles-Long Beach-Anaheim, CA",3/27/2020
6,37,1302,62201,1,33.901389,-118.205,WGS84,Relative Humidity ,1 HOUR,,8/2/2019,Percent relative humidity,None,24,100,68.291667,91,4,,61,Instrumental - Met One 083D,Compton,700 North Bullis Road,California,Los Angeles,Compton,"Los Angeles-Long Beach-Anaheim, CA",3/27/2020
6,37,1302,62201,1,33.901389,-118.205,WGS84,Relative Humidity ,1 HOUR,,8/3/2019,Percent relative humidity,None,24,100,71.25,91,5,,61,Instrumental - Met One 083D,Compton,700 North Bullis Road,California,Los Angeles,Compton,"Los Angeles-Long Beach-Anaheim, CA",3/27/2020
6,37,1302,62201,1,33.901389,-118.205,WGS84,Relative Humidity ,1 HOUR,,8/4/2019,Percent relative humidity,None,24,100,72.916667,92,4,,61,Instrumental - Met One 083D,Compton,700 North Bullis Road,California,Los Angeles,Compton,"Los Angeles-Long Beach-Anaheim, CA",3/27/2020
6,37,1302,62201,1,33.901389,-118.205,WGS84,Relative Humidity ,1 HOUR,,8/5/2019,Percent relative humidity,None,24,100,73.375,91,5,,61,Instrumental - Met One 083D,Compton,700 North Bullis Road,California,Los Angeles,Compton,"Los Angeles-Long Beach-Anaheim, CA",3/27/2020
6,37,1302,62201,1,33.901389,-118.205,WGS84,Relative Humidity ,1 HOUR,,8/6/2019,Percent relative humidity,None,24,100,73.625,92,5,,61,Instrumental - Met One 083D,Compton,700 North Bullis Road,California,Los Angeles,Compton,"Los Angeles-Long Beach-Anaheim, CA",3/27/2020
6,37,1302,62201,1,33.901389,-118.205,WGS84,Relative Humidity ,1 HOUR,,8/7/2019,Percent relative humidity,None,24,100,77.666667,87,2,,61,Instrumental - Met One 083D,Compton,700 North Bullis Road,California,Los Angeles,Compton,"Los Angeles-Long Beach-Anaheim, CA",3/27/2020
6,37,1302,62201,1,33.901389,-118.205,WGS84,Relative Humidity ,1 HOUR,,8/8/2019,Percent relative humidity,None,24,100,74.458333,87,0,,61,Instrumental - Met One 083D,Compton,700 North Bullis Road,California,Los Angeles,Compton,"Los Angeles-Long Beach-Anaheim, CA",3/27/2020
6,37,1302,62201,1,33.901389,-118.205,WGS84,Relative Humidity ,1 HOUR,,8/9/2019,Percent relative humidity,None,24,100,73.916667,91,2,,61,Instrumental - Met One 083D,Compton,700 North Bullis Road,California,Los Angeles,Compton,"Los Angeles-Long Beach-Anaheim, CA",3/27/2020
6,37,1302,62201,1,33.901389,-118.205,WGS84,Relative Humidity ,1 HOUR,,8/10/2019,Percent relative humidity,None,24,100,72.75,86,23,,61,Instrumental - Met One 083D,Compton,700 North Bullis Road,California,Los Angeles,Compton,"Los Angeles-Long Beach-Anaheim, CA",3/27/2020
6,37,1302,62201,1,33.901389,-118.205,WGS84,Relative Humidity ,1 HOUR,,8/11/2019,Percent relative humidity,None,24,100,76.916667,90,3,,61,Instrumental - Met One 083D,Compton,700 North Bullis Road,California,Los Angeles,Compton,"Los Angeles-Long Beach-Anaheim, CA",3/27/2020
6,37,1302,62201,1,33.901389,-118.205,WGS84,Relative Humidity ,1 HOUR,,8/12/2019,Percent relative humidity,None,24,100,78.625,95,3,,61,Instrumental - Met One 083D,Compton,700 North Bullis Road,California,Los Angeles,Compton,"Los Angeles-Long Beach-Anaheim, CA",3/27/2020
6,37,1302,62201,1,33.901389,-118.205,WGS84,Relative Humidity ,1 HOUR,,8/13/2019,Percent relative humidity,None,24,100,75.333333,93,23,,61,Instrumental - Met One 083D,Compton,700 North Bullis Road,California,Los Angeles,Compton,"Los Angeles-Long Beach-Anaheim, CA",3/27/2020
6,37,1302,62201,1,33.901389,-118.205,WGS84,Relative Humidity ,1 HOUR,,8/14/2019,Percent relative humidity,None,24,100,77.083333,94,0,,61,Instrumental - Met One 083D,Compton,700 North Bullis Road,California,Los Angeles,Compton,"Los Angeles-Long Beach-Anaheim, CA",3/27/2020
6,37,1302,62201,1,33.901389,-118.205,WGS84,Relative Humidity ,1 HOUR,,8/15/2019,Percent relative humidity,None,24,100,75.75,94,5,,61,Instrumental - Met One 083D,Compton,700 North Bullis Road,California,Los Angeles,Compton,"Los Angeles-Long Beach-Anaheim, CA",3/27/2020
6,37,1302,62201,1,33.901389,-118.205,WGS84,Relative Humidity ,1 HOUR,,8/16/2019,Percent relative humidity,None,24,100,74.541667,90,0,,61,Instrumental - Met One 083D,Compton,700 North Bullis Road,California,Los Angeles,Compton,"Los Angeles-Long Beach-Anaheim, CA",3/27/2020
6,37,1302,62201,1,33.901389,-118.205,WGS84,Relative Humidity ,1 HOUR,,8/17/2019,Percent relative humidity,None,24,100,70.625,81,0,,61,Instrumental - Met One 083D,Compton,700 North Bullis Road,California,Los Angeles,Compton,"Los Angeles-Long Beach-Anaheim, CA",3/27/2020
6,37,1302,62201,1,33.901389,-118.205,WGS84,Relative Humidity ,1 HOUR,,8/18/2019,Percent relative humidity,None,24,100,73.041667,84,23,,61,Instrumental - Met One 083D,Compton,700 North Bullis Road,California,Los Angeles,Compton,"Los Angeles-Long Beach-Anaheim, CA",3/27/2020
6,37,1302,62201,1,33.901389,-118.205,WGS84,Relative Humidity ,1 HOUR,,8/19/2019,Percent relative humidity,None,24,100,74.875,86,1,,61,Instrumental - Met One 083D,Compton,700 North Bullis Road,California,Los Angeles,Compton,"Los Angeles-Long Beach-Anaheim, CA",3/27/2020
6,37,1302,62201,1,33.901389,-118.205,WGS84,Relative Humidity ,1 HOUR,,8/20/2019,Percent relative humidity,None,24,100,69.416667,87,3,,61,Instrumental - Met One 083D,Compton,700 North Bullis Road,California,Los Angeles,Compton,"Los Angeles-Long Beach-Anaheim, CA",3/27/2020
6,37,1302,62201,1,33.901389,-118.205,WGS84,Relative Humidity ,1 HOUR,,8/21/2019,Percent relative humidity,None,24,100,64.5,86,4,,61,Instrumental - Met One 083D,Compton,700 North Bullis Road,California,Los Angeles,Compton,"Los Angeles-Long Beach-Anaheim, CA",3/27/2020
6,37,1302,62201,1,33.901389,-118.205,WGS84,Relative Humidity ,1 HOUR,,8/22/2019,Percent relative humidity,None,24,100,76.583333,91,2,,61,Instrumental - Met One 083D,Compton,700 North Bullis Road,California,Los Angeles,Compton,"Los Angeles-Long Beach-Anaheim, CA",3/27/2020
6,37,1302,62201,1,33.901389,-118.205,WGS84,Relative Humidity ,1 HOUR,,8/23/2019,Percent relative humidity,None,24,100,69.166667,84,23,,61,Instrumental - Met One 083D,Compton,700 North Bullis Road,California,Los Angeles,Compton,"Los Angeles-Long Beach-Anaheim, CA",3/27/2020
6,37,1302,62201,1,33.901389,-118.205,WGS84,Relative Humidity ,1 HOUR,,8/24/2019,Percent relative humidity,None,24,100,72.125,88,4,,61,Instrumental - Met One 083D,Compton,700 North Bullis Road,California,Los Angeles,Compton,"Los Angeles-Long Beach-Anaheim, CA",3/27/2020
6,37,1302,62201,1,33.901389,-118.205,WGS84,Relative Humidity ,1 HOUR,,8/25/2019,Percent relative humidity,None,24,100,67.375,89,3,,61,Instrumental - Met One 083D,Compton,700 North Bullis Road,California,Los Angeles,Compton,"Los Angeles-Long Beach-Anaheim, CA",3/27/2020
6,37,1302,62201,1,33.901389,-118.205,WGS84,Relative Humidity ,1 HOUR,,8/26/2019,Percent relative humidity,None,24,100,64.791667,89,4,,61,Instrumental - Met One 083D,Compton,700 North Bullis Road,California,Los Angeles,Compton,"Los Angeles-Long Beach-Anaheim, CA",3/27/2020
6,37,1302,62201,1,33.901389,-118.205,WGS84,Relative Humidity ,1 HOUR,,8/27/2019,Percent relative humidity,None,24,100,71.416667,87,5,,61,Instrumental - Met One 083D,Compton,700 North Bullis Road,California,Los Angeles,Compton,"Los Angeles-Long Beach-Anaheim, CA",3/27/2020
6,37,1302,62201,1,33.901389,-118.205,WGS84,Relative Humidity ,1 HOUR,,8/28/2019,Percent relative humidity,None,24,100,75.25,84,0,,61,Instrumental - Met One 083D,Compton,700 North Bullis Road,California,Los Angeles,Compton,"Los Angeles-Long Beach-Anaheim, CA",3/27/2020
6,37,1302,62201,1,33.901389,-118.205,WGS84,Relative Humidity ,1 HOUR,,8/29/2019,Percent relative humidity,None,24,100,69.875,88,4,,61,Instrumental - Met One 083D,Compton,700 North Bullis Road,California,Los Angeles,Compton,"Los Angeles-Long Beach-Anaheim, CA",3/27/2020
6,37,1302,62201,1,33.901389,-118.205,WGS84,Relative Humidity ,1 HOUR,,8/30/2019,Percent relative humidity,None,24,100,67.291667,85,5,,61,Instrumental - Met One 083D,Compton,700 North Bullis Road,California,Los Angeles,Compton,"Los Angeles-Long Beach-Anaheim, CA",3/27/2020
6,37,1302,62201,1,33.901389,-118.205,WGS84,Relative Humidity ,1 HOUR,,8/31/2019,Percent relative humidity,None,24,100,73.125,89,5,,61,Instrumental - Met One 083D,Compton,700 North Bullis Road,California,Los Angeles,Compton,"Los Angeles-Long Beach-Anaheim, CA",3/27/2020
6,37,1302,62201,1,33.901389,-118.205,WGS84,Relative Humidity ,1 HOUR,,9/1/2019,Percent relative humidity,None,24,100,77.166667,96,6,,61,Instrumental - Met One 083D,Compton,700 North Bullis Road,California,Los Angeles,Compton,"Los Angeles-Long Beach-Anaheim, CA",3/27/2020
6,37,1302,62201,1,33.901389,-118.205,WGS84,Relative Humidity ,1 HOUR,,9/2/2019,Percent relative humidity,None,24,100,66.75,90,0,,61,Instrumental - Met One 083D,Compton,700 North Bullis Road,California,Los Angeles,Compton,"Los Angeles-Long Beach-Anaheim, CA",3/27/2020
6,37,1302,62201,1,33.901389,-118.205,WGS84,Relative Humidity ,1 HOUR,,9/3/2019,Percent relative humidity,None,24,100,64,85,2,,61,Instrumental - Met One 083D,Compton,700 North Bullis Road,California,Los Angeles,Compton,"Los Angeles-Long Beach-Anaheim, CA",3/27/2020
6,37,1302,62201,1,33.901389,-118.205,WGS84,Relative Humidity ,1 HOUR,,9/4/2019,Percent relative humidity,None,24,100,59.541667,76,3,,61,Instrumental - Met One 083D,Compton,700 North Bullis Road,California,Los Angeles,Compton,"Los Angeles-Long Beach-Anaheim, CA",3/27/2020
6,37,1302,62201,1,33.901389,-118.205,WGS84,Relative Humidity ,1 HOUR,,9/5/2019,Percent relative humidity,None,24,100,57.791667,78,5,,61,Instrumental - Met One 083D,Compton,700 North Bullis Road,California,Los Angeles,Compton,"Los Angeles-Long Beach-Anaheim, CA",3/27/2020
6,37,1302,62201,1,33.901389,-118.205,WGS84,Relative Humidity ,1 HOUR,,9/6/2019,Percent relative humidity,None,24,100,67.625,90,2,,61,Instrumental - Met One 083D,Compton,700 North Bullis Road,California,Los Angeles,Compton,"Los Angeles-Long Beach-Anaheim, CA",3/27/2020
6,37,1302,62201,1,33.901389,-118.205,WGS84,Relative Humidity ,1 HOUR,,9/7/2019,Percent relative humidity,None,24,100,60.041667,78,23,,61,Instrumental - Met One 083D,Compton,700 North Bullis Road,California,Los Angeles,Compton,"Los Angeles-Long Beach-Anaheim, CA",3/27/2020
6,37,1302,62201,1,33.901389,-118.205,WGS84,Relative Humidity ,1 HOUR,,9/8/2019,Percent relative humidity,None,24,100,66.083333,82,2,,61,Instrumental - Met One 083D,Compton,700 North Bullis Road,California,Los Angeles,Compton,"Los Angeles-Long Beach-Anaheim, CA",3/27/2020
6,37,1302,62201,1,33.901389,-118.205,WGS84,Relative Humidity ,1 HOUR,,9/9/2019,Percent relative humidity,None,24,100,72.833333,84,4,,61,Instrumental - Met One 083D,Compton,700 North Bullis Road,California,Los Angeles,Compton,"Los Angeles-Long Beach-Anaheim, CA",3/27/2020
6,37,1302,62201,1,33.901389,-118.205,WGS84,Relative Humidity ,1 HOUR,,9/10/2019,Percent relative humidity,None,24,100,71.333333,82,23,,61,Instrumental - Met One 083D,Compton,700 North Bullis Road,California,Los Angeles,Compton,"Los Angeles-Long Beach-Anaheim, CA",3/27/2020
6,37,1302,62201,1,33.901389,-118.205,WGS84,Relative Humidity ,1 HOUR,,9/11/2019,Percent relative humidity,None,24,100,69.75,84,1,,61,Instrumental - Met One 083D,Compton,700 North Bullis Road,California,Los Angeles,Compton,"Los Angeles-Long Beach-Anaheim, CA",3/27/2020
6,37,1302,62201,1,33.901389,-118.205,WGS84,Relative Humidity ,1 HOUR,,9/12/2019,Percent relative humidity,None,24,100,72.708333,88,5,,61,Instrumental - Met One 083D,Compton,700 North Bullis Road,California,Los Angeles,Compton,"Los Angeles-Long Beach-Anaheim, CA",3/27/2020
6,37,1302,62201,1,33.901389,-118.205,WGS84,Relative Humidity ,1 HOUR,,9/13/2019,Percent relative humidity,None,24,100,66,92,5,,61,Instrumental - Met One 083D,Compton,700 North Bullis Road,California,Los Angeles,Compton,"Los Angeles-Long Beach-Anaheim, CA",3/27/2020
6,37,1302,62201,1,33.901389,-118.205,WGS84,Relative Humidity ,1 HOUR,,9/14/2019,Percent relative humidity,None,24,100,66.541667,91,5,,61,Instrumental - Met One 083D,Compton,700 North Bullis Road,California,Los Angeles,Compton,"Los Angeles-Long Beach-Anaheim, CA",3/27/2020
6,37,1302,62201,1,33.901389,-118.205,WGS84,Relative Humidity ,1 HOUR,,9/15/2019,Percent relative humidity,None,24,100,79.416667,98,6,,61,Instrumental - Met One 083D,Compton,700 North Bullis Road,California,Los Angeles,Compton,"Los Angeles-Long Beach-Anaheim, CA",3/27/2020
6,37,1302,62201,1,33.901389,-118.205,WGS84,Relative Humidity ,1 HOUR,,9/16/2019,Percent relative humidity,None,24,100,73.541667,91,2,,61,Instrumental - Met One 083D,Compton,700 North Bullis Road,California,Los Angeles,Compton,"Los Angeles-Long Beach-Anaheim, CA",3/27/2020
6,37,1302,62201,1,33.901389,-118.205,WGS84,Relative Humidity ,1 HOUR,,9/17/2019,Percent relative humidity,None,24,100,72.25,90,3,,61,Instrumental - Met One 083D,Compton,700 North Bullis Road,California,Los Angeles,Compton,"Los Angeles-Long Beach-Anaheim, CA",3/27/2020
6,37,1302,62201,1,33.901389,-118.205,WGS84,Relative Humidity ,1 HOUR,,9/18/2019,Percent relative humidity,None,24,100,71.333333,89,5,,61,Instrumental - Met One 083D,Compton,700 North Bullis Road,California,Los Angeles,Compton,"Los Angeles-Long Beach-Anaheim, CA",3/27/2020
6,37,1302,62201,1,33.901389,-118.205,WGS84,Relative Humidity ,1 HOUR,,9/19/2019,Percent relative humidity,None,24,100,73.375,89,2,,61,Instrumental - Met One 083D,Compton,700 North Bullis Road,California,Los Angeles,Compton,"Los Angeles-Long Beach-Anaheim, CA",3/27/2020
6,37,1302,62201,1,33.901389,-118.205,WGS84,Relative Humidity ,1 HOUR,,9/20/2019,Percent relative humidity,None,24,100,72.125,89,3,,61,Instrumental - Met One 083D,Compton,700 North Bullis Road,California,Los Angeles,Compton,"Los Angeles-Long Beach-Anaheim, CA",3/27/2020
6,37,1302,62201,1,33.901389,-118.205,WGS84,Relative Humidity ,1 HOUR,,9/21/2019,Percent relative humidity,None,24,100,68.666667,89,5,,61,Instrumental - Met One 083D,Compton,700 North Bullis Road,California,Los Angeles,Compton,"Los Angeles-Long Beach-Anaheim, CA",3/27/2020
6,37,1302,62201,1,33.901389,-118.205,WGS84,Relative Humidity ,1 HOUR,,9/22/2019,Percent relative humidity,None,24,100,63.916667,84,3,,61,Instrumental - Met One 083D,Compton,700 North Bullis Road,California,Los Angeles,Compton,"Los Angeles-Long Beach-Anaheim, CA",3/27/2020
6,37,1302,62201,1,33.901389,-118.205,WGS84,Relative Humidity ,1 HOUR,,9/23/2019,Percent relative humidity,None,24,100,76.083333,90,6,,61,Instrumental - Met One 083D,Compton,700 North Bullis Road,California,Los Angeles,Compton,"Los Angeles-Long Beach-Anaheim, CA",3/27/2020
6,37,1302,62201,1,33.901389,-118.205,WGS84,Relative Humidity ,1 HOUR,,9/24/2019,Percent relative humidity,None,24,100,72.541667,90,3,,61,Instrumental - Met One 083D,Compton,700 North Bullis Road,California,Los Angeles,Compton,"Los Angeles-Long Beach-Anaheim, CA",3/27/2020
6,37,1302,62201,1,33.901389,-118.205,WGS84,Relative Humidity ,1 HOUR,,9/25/2019,Percent relative humidity,None,24,100,78.333333,92,3,,61,Instrumental - Met One 083D,Compton,700 North Bullis Road,California,Los Angeles,Compton,"Los Angeles-Long Beach-Anaheim, CA",3/27/2020
6,37,1302,62201,1,33.901389,-118.205,WGS84,Relative Humidity ,1 HOUR,,9/26/2019,Percent relative humidity,None,24,100,76.041667,83,22,,61,Instrumental - Met One 083D,Compton,700 North Bullis Road,California,Los Angeles,Compton,"Los Angeles-Long Beach-Anaheim, CA",3/27/2020
6,37,1302,62201,1,33.901389,-118.205,WGS84,Relative Humidity ,1 HOUR,,9/27/2019,Percent relative humidity,None,24,100,73.833333,82,4,,61,Instrumental - Met One 083D,Compton,700 North Bullis Road,California,Los Angeles,Compton,"Los Angeles-Long Beach-Anaheim, CA",3/27/2020
6,37,1302,62201,1,33.901389,-118.205,WGS84,Relative Humidity ,1 HOUR,,9/28/2019,Percent relative humidity,None,24,100,75.666667,88,13,,61,Instrumental - Met One 083D,Compton,700 North Bullis Road,California,Los Angeles,Compton,"Los Angeles-Long Beach-Anaheim, CA",3/27/2020
6,37,1302,62201,1,33.901389,-118.205,WGS84,Relative Humidity ,1 HOUR,,9/29/2019,Percent relative humidity,None,24,100,61.583333,84,5,,61,Instrumental - Met One 083D,Compton,700 North Bullis Road,California,Los Angeles,Compton,"Los Angeles-Long Beach-Anaheim, CA",3/27/2020
6,37,1302,62201,1,33.901389,-118.205,WGS84,Relative Humidity ,1 HOUR,,9/30/2019,Percent relative humidity,None,24,100,62.333333,81,5,,61,Instrumental - Met One 083D,Compton,700 North Bullis Road,California,Los Angeles,Compton,"Los Angeles-Long Beach-Anaheim, CA",3/27/2020
6,37,1302,62201,1,33.901389,-118.205,WGS84,Relative Humidity ,1 HOUR,,10/1/2019,Percent relative humidity,None,24,100,63.375,77,2,,61,Instrumental - Met One 083D,Compton,700 North Bullis Road,California,Los Angeles,Compton,"Los Angeles-Long Beach-Anaheim, CA",3/27/2020
6,37,1302,62201,1,33.901389,-118.205,WGS84,Relative Humidity ,1 HOUR,,10/2/2019,Percent relative humidity,None,24,100,62.375,83,5,,61,Instrumental - Met One 083D,Compton,700 North Bullis Road,California,Los Angeles,Compton,"Los Angeles-Long Beach-Anaheim, CA",3/27/2020
6,37,1302,62201,1,33.901389,-118.205,WGS84,Relative Humidity ,1 HOUR,,10/3/2019,Percent relative humidity,None,24,100,66.041667,86,4,,61,Instrumental - Met One 083D,Compton,700 North Bullis Road,California,Los Angeles,Compton,"Los Angeles-Long Beach-Anaheim, CA",3/27/2020
6,37,1302,62201,1,33.901389,-118.205,WGS84,Relative Humidity ,1 HOUR,,10/4/2019,Percent relative humidity,None,24,100,68.583333,88,4,,61,Instrumental - Met One 083D,Compton,700 North Bullis Road,California,Los Angeles,Compton,"Los Angeles-Long Beach-Anaheim, CA",3/27/2020
6,37,1302,62201,1,33.901389,-118.205,WGS84,Relative Humidity ,1 HOUR,,10/5/2019,Percent relative humidity,None,24,100,63.458333,90,3,,61,Instrumental - Met One 083D,Compton,700 North Bullis Road,California,Los Angeles,Compton,"Los Angeles-Long Beach-Anaheim, CA",3/27/2020
6,37,1302,62201,1,33.901389,-118.205,WGS84,Relative Humidity ,1 HOUR,,10/6/2019,Percent relative humidity,None,24,100,63.75,88,4,,61,Instrumental - Met One 083D,Compton,700 North Bullis Road,California,Los Angeles,Compton,"Los Angeles-Long Beach-Anaheim, CA",3/27/2020
6,37,1302,62201,1,33.901389,-118.205,WGS84,Relative Humidity ,1 HOUR,,10/7/2019,Percent relative humidity,None,24,100,67.416667,90,4,,61,Instrumental - Met One 083D,Compton,700 North Bullis Road,California,Los Angeles,Compton,"Los Angeles-Long Beach-Anaheim, CA",3/27/2020
6,37,1302,62201,1,33.901389,-118.205,WGS84,Relative Humidity ,1 HOUR,,10/8/2019,Percent relative humidity,None,24,100,74.166667,89,4,,61,Instrumental - Met One 083D,Compton,700 North Bullis Road,California,Los Angeles,Compton,"Los Angeles-Long Beach-Anaheim, CA",3/27/2020
6,37,1302,62201,1,33.901389,-118.205,WGS84,Relative Humidity ,1 HOUR,,10/9/2019,Percent relative humidity,None,24,100,72.333333,87,0,,61,Instrumental - Met One 083D,Compton,700 North Bullis Road,California,Los Angeles,Compton,"Los Angeles-Long Beach-Anaheim, CA",3/27/2020
6,37,1302,62201,1,33.901389,-118.205,WGS84,Relative Humidity ,1 HOUR,,10/10/2019,Percent relative humidity,None,24,100,60.416667,75,22,,61,Instrumental - Met One 083D,Compton,700 North Bullis Road,California,Los Angeles,Compton,"Los Angeles-Long Beach-Anaheim, CA",3/27/2020
6,37,1302,62201,1,33.901389,-118.205,WGS84,Relative Humidity ,1 HOUR,,10/11/2019,Percent relative humidity,None,24,100,34.041667,73,3,,61,Instrumental - Met One 083D,Compton,700 North Bullis Road,California,Los Angeles,Compton,"Los Angeles-Long Beach-Anaheim, CA",3/27/2020
6,37,1302,62201,1,33.901389,-118.205,WGS84,Relative Humidity ,1 HOUR,,10/12/2019,Percent relative humidity,None,24,100,45,81,23,,61,Instrumental - Met One 083D,Compton,700 North Bullis Road,California,Los Angeles,Compton,"Los Angeles-Long Beach-Anaheim, CA",3/27/2020
6,37,1302,62201,1,33.901389,-118.205,WGS84,Relative Humidity ,1 HOUR,,10/13/2019,Percent relative humidity,None,24,100,71.958333,87,2,,61,Instrumental - Met One 083D,Compton,700 North Bullis Road,California,Los Angeles,Compton,"Los Angeles-Long Beach-Anaheim, CA",3/27/2020
6,37,1302,62201,1,33.901389,-118.205,WGS84,Relative Humidity ,1 HOUR,,10/14/2019,Percent relative humidity,None,24,100,74.291667,89,23,,61,Instrumental - Met One 083D,Compton,700 North Bullis Road,California,Los Angeles,Compton,"Los Angeles-Long Beach-Anaheim, CA",3/27/2020
6,37,1302,62201,1,33.901389,-118.205,WGS84,Relative Humidity ,1 HOUR,,10/15/2019,Percent relative humidity,None,24,100,71.958333,92,5,,61,Instrumental - Met One 083D,Compton,700 North Bullis Road,California,Los Angeles,Compton,"Los Angeles-Long Beach-Anaheim, CA",3/27/2020
6,37,1302,62201,1,33.901389,-118.205,WGS84,Relative Humidity ,1 HOUR,,10/16/2019,Percent relative humidity,None,24,100,60.708333,88,2,,61,Instrumental - Met One 083D,Compton,700 North Bullis Road,California,Los Angeles,Compton,"Los Angeles-Long Beach-Anaheim, CA",3/27/2020
6,37,1302,62201,1,33.901389,-118.205,WGS84,Relative Humidity ,1 HOUR,,10/17/2019,Percent relative humidity,None,24,100,77.166667,92,3,,61,Instrumental - Met One 083D,Compton,700 North Bullis Road,California,Los Angeles,Compton,"Los Angeles-Long Beach-Anaheim, CA",3/27/2020
6,37,1302,62201,1,33.901389,-118.205,WGS84,Relative Humidity ,1 HOUR,,10/18/2019,Percent relative humidity,None,24,100,66.125,91,0,,61,Instrumental - Met One 083D,Compton,700 North Bullis Road,California,Los Angeles,Compton,"Los Angeles-Long Beach-Anaheim, CA",3/27/2020
6,37,1302,62201,1,33.901389,-118.205,WGS84,Relative Humidity ,1 HOUR,,10/19/2019,Percent relative humidity,None,24,100,63.958333,83,23,,61,Instrumental - Met One 083D,Compton,700 North Bullis Road,California,Los Angeles,Compton,"Los Angeles-Long Beach-Anaheim, CA",3/27/2020
6,37,1302,62201,1,33.901389,-118.205,WGS84,Relative Humidity ,1 HOUR,,10/20/2019,Percent relative humidity,None,24,100,60.083333,92,2,,61,Instrumental - Met One 083D,Compton,700 North Bullis Road,California,Los Angeles,Compton,"Los Angeles-Long Beach-Anaheim, CA",3/27/2020
6,37,1302,62201,1,33.901389,-118.205,WGS84,Relative Humidity ,1 HOUR,,10/21/2019,Percent relative humidity,None,24,100,32.541667,56,23,,61,Instrumental - Met One 083D,Compton,700 North Bullis Road,California,Los Angeles,Compton,"Los Angeles-Long Beach-Anaheim, CA",3/27/2020
6,37,1302,62201,1,33.901389,-118.205,WGS84,Relative Humidity ,1 HOUR,,10/22/2019,Percent relative humidity,None,24,100,35.25,59,0,,61,Instrumental - Met One 083D,Compton,700 North Bullis Road,California,Los Angeles,Compton,"Los Angeles-Long Beach-Anaheim, CA",3/27/2020
6,37,1302,62201,1,33.901389,-118.205,WGS84,Relative Humidity ,1 HOUR,,10/23/2019,Percent relative humidity,None,24,100,46.5,77,23,,61,Instrumental - Met One 083D,Compton,700 North Bullis Road,California,Los Angeles,Compton,"Los Angeles-Long Beach-Anaheim, CA",3/27/2020
6,37,1302,62201,1,33.901389,-118.205,WGS84,Relative Humidity ,1 HOUR,,10/24/2019,Percent relative humidity,None,24,100,33.625,84,2,,61,Instrumental - Met One 083D,Compton,700 North Bullis Road,California,Los Angeles,Compton,"Los Angeles-Long Beach-Anaheim, CA",3/27/2020
6,37,1302,62201,1,33.901389,-118.205,WGS84,Relative Humidity ,1 HOUR,,10/25/2019,Percent relative humidity,None,24,100,22.333333,45,22,,61,Instrumental - Met One 083D,Compton,700 North Bullis Road,California,Los Angeles,Compton,"Los Angeles-Long Beach-Anaheim, CA",3/27/2020
6,37,1302,62201,1,33.901389,-118.205,WGS84,Relative Humidity ,1 HOUR,,10/26/2019,Percent relative humidity,None,24,100,45.791667,89,23,,61,Instrumental - Met One 083D,Compton,700 North Bullis Road,California,Los Angeles,Compton,"Los Angeles-Long Beach-Anaheim, CA",3/27/2020
6,37,1302,62201,1,33.901389,-118.205,WGS84,Relative Humidity ,1 HOUR,,10/27/2019,Percent relative humidity,None,24,100,73.291667,90,0,,61,Instrumental - Met One 083D,Compton,700 North Bullis Road,California,Los Angeles,Compton,"Los Angeles-Long Beach-Anaheim, CA",3/27/2020
6,37,1302,62201,1,33.901389,-118.205,WGS84,Relative Humidity ,1 HOUR,,10/28/2019,Percent relative humidity,None,24,100,53.625,87,5,,61,Instrumental - Met One 083D,Compton,700 North Bullis Road,California,Los Angeles,Compton,"Los Angeles-Long Beach-Anaheim, CA",3/27/2020
6,37,1302,62201,1,33.901389,-118.205,WGS84,Relative Humidity ,1 HOUR,,10/29/2019,Percent relative humidity,None,24,100,62.666667,83,23,,61,Instrumental - Met One 083D,Compton,700 North Bullis Road,California,Los Angeles,Compton,"Los Angeles-Long Beach-Anaheim, CA",3/27/2020
6,37,1302,62201,1,33.901389,-118.205,WGS84,Relative Humidity ,1 HOUR,,10/30/2019,Percent relative humidity,None,24,100,32.541667,87,1,,61,Instrumental - Met One 083D,Compton,700 North Bullis Road,California,Los Angeles,Compton,"Los Angeles-Long Beach-Anaheim, CA",3/27/2020
6,37,1302,62201,1,33.901389,-118.205,WGS84,Relative Humidity ,1 HOUR,,10/31/2019,Percent relative humidity,None,24,100,17.833333,54,19,,61,Instrumental - Met One 083D,Compton,700 North Bullis Road,California,Los Angeles,Compton,"Los Angeles-Long Beach-Anaheim, CA",3/27/2020
6,37,1302,62201,1,33.901389,-118.205,WGS84,Relative Humidity ,1 HOUR,,11/1/2019,Percent relative humidity,None,24,100,26.5,69,23,,61,Instrumental - Met One 083D,Compton,700 North Bullis Road,California,Los Angeles,Compton,"Los Angeles-Long Beach-Anaheim, CA",3/27/2020
6,37,1302,62201,1,33.901389,-118.205,WGS84,Relative Humidity ,1 HOUR,,11/2/2019,Percent relative humidity,None,24,100,45.75,73,23,,61,Instrumental - Met One 083D,Compton,700 North Bullis Road,California,Los Angeles,Compton,"Los Angeles-Long Beach-Anaheim, CA",3/27/2020
6,37,1302,62201,1,33.901389,-118.205,WGS84,Relative Humidity ,1 HOUR,,11/3/2019,Percent relative humidity,None,24,100,59.041667,96,2,,61,Instrumental - Met One 083D,Compton,700 North Bullis Road,California,Los Angeles,Compton,"Los Angeles-Long Beach-Anaheim, CA",3/27/2020
6,37,1302,62201,1,33.901389,-118.205,WGS84,Relative Humidity ,1 HOUR,,11/4/2019,Percent relative humidity,None,24,100,65.166667,92,23,,61,Instrumental - Met One 083D,Compton,700 North Bullis Road,California,Los Angeles,Compton,"Los Angeles-Long Beach-Anaheim, CA",3/27/2020
6,37,1302,62201,1,33.901389,-118.205,WGS84,Relative Humidity ,1 HOUR,,11/5/2019,Percent relative humidity,None,24,100,74.083333,97,6,,61,Instrumental - Met One 083D,Compton,700 North Bullis Road,California,Los Angeles,Compton,"Los Angeles-Long Beach-Anaheim, CA",3/27/2020
6,37,1302,62201,1,33.901389,-118.205,WGS84,Relative Humidity ,1 HOUR,,11/6/2019,Percent relative humidity,None,24,100,84.416667,96,8,,61,Instrumental - Met One 083D,Compton,700 North Bullis Road,California,Los Angeles,Compton,"Los Angeles-Long Beach-Anaheim, CA",3/27/2020
6,37,1302,62201,1,33.901389,-118.205,WGS84,Relative Humidity ,1 HOUR,,11/7/2019,Percent relative humidity,None,24,100,80.75,93,23,,61,Instrumental - Met One 083D,Compton,700 North Bullis Road,California,Los Angeles,Compton,"Los Angeles-Long Beach-Anaheim, CA",3/27/2020
6,37,1302,62201,1,33.901389,-118.205,WGS84,Relative Humidity ,1 HOUR,,11/8/2019,Percent relative humidity,None,24,100,62.625,95,2,,61,Instrumental - Met One 083D,Compton,700 North Bullis Road,California,Los Angeles,Compton,"Los Angeles-Long Beach-Anaheim, CA",3/27/2020
6,37,1302,62201,1,33.901389,-118.205,WGS84,Relative Humidity ,1 HOUR,,11/9/2019,Percent relative humidity,None,24,100,46.041667,76,3,,61,Instrumental - Met One 083D,Compton,700 North Bullis Road,California,Los Angeles,Compton,"Los Angeles-Long Beach-Anaheim, CA",3/27/2020
6,37,1302,62201,1,33.901389,-118.205,WGS84,Relative Humidity ,1 HOUR,,11/10/2019,Percent relative humidity,None,24,100,81.375,97,5,,61,Instrumental - Met One 083D,Compton,700 North Bullis Road,California,Los Angeles,Compton,"Los Angeles-Long Beach-Anaheim, CA",3/27/2020
6,37,1302,62201,1,33.901389,-118.205,WGS84,Relative Humidity ,1 HOUR,,11/11/2019,Percent relative humidity,None,24,100,78.208333,91,22,,61,Instrumental - Met One 083D,Compton,700 North Bullis Road,California,Los Angeles,Compton,"Los Angeles-Long Beach-Anaheim, CA",3/27/2020
6,37,1302,62201,1,33.901389,-118.205,WGS84,Relative Humidity ,1 HOUR,,11/12/2019,Percent relative humidity,None,24,100,81.333333,94,3,,61,Instrumental - Met One 083D,Compton,700 North Bullis Road,California,Los Angeles,Compton,"Los Angeles-Long Beach-Anaheim, CA",3/27/2020
6,37,1302,62201,1,33.901389,-118.205,WGS84,Relative Humidity ,1 HOUR,,11/13/2019,Percent relative humidity,None,24,100,83.541667,94,6,,61,Instrumental - Met One 083D,Compton,700 North Bullis Road,California,Los Angeles,Compton,"Los Angeles-Long Beach-Anaheim, CA",3/27/2020
6,37,1302,62201,1,33.901389,-118.205,WGS84,Relative Humidity ,1 HOUR,,11/14/2019,Percent relative humidity,None,24,100,82.416667,92,4,,61,Instrumental - Met One 083D,Compton,700 North Bullis Road,California,Los Angeles,Compton,"Los Angeles-Long Beach-Anaheim, CA",3/27/2020
6,37,1302,62201,1,33.901389,-118.205,WGS84,Relative Humidity ,1 HOUR,,11/15/2019,Percent relative humidity,None,24,100,82.208333,94,4,,61,Instrumental - Met One 083D,Compton,700 North Bullis Road,California,Los Angeles,Compton,"Los Angeles-Long Beach-Anaheim, CA",3/27/2020
6,37,1302,62201,1,33.901389,-118.205,WGS84,Relative Humidity ,1 HOUR,,11/16/2019,Percent relative humidity,None,24,100,77.583333,94,4,,61,Instrumental - Met One 083D,Compton,700 North Bullis Road,California,Los Angeles,Compton,"Los Angeles-Long Beach-Anaheim, CA",3/27/2020
6,37,1302,62201,1,33.901389,-118.205,WGS84,Relative Humidity ,1 HOUR,,11/17/2019,Percent relative humidity,None,24,100,45.875,94,1,,61,Instrumental - Met One 083D,Compton,700 North Bullis Road,California,Los Angeles,Compton,"Los Angeles-Long Beach-Anaheim, CA",3/27/2020
6,37,1302,62201,1,33.901389,-118.205,WGS84,Relative Humidity ,1 HOUR,,11/18/2019,Percent relative humidity,None,24,100,27.791667,56,23,,61,Instrumental - Met One 083D,Compton,700 North Bullis Road,California,Los Angeles,Compton,"Los Angeles-Long Beach-Anaheim, CA",3/27/2020
6,37,1302,62201,1,33.901389,-118.205,WGS84,Relative Humidity ,1 HOUR,,11/19/2019,Percent relative humidity,None,24,100,62.833333,85,21,,61,Instrumental - Met One 083D,Compton,700 North Bullis Road,California,Los Angeles,Compton,"Los Angeles-Long Beach-Anaheim, CA",3/27/2020
6,37,1302,62201,1,33.901389,-118.205,WGS84,Relative Humidity ,1 HOUR,,11/20/2019,Percent relative humidity,None,24,100,72.916667,87,13,,61,Instrumental - Met One 083D,Compton,700 North Bullis Road,California,Los Angeles,Compton,"Los Angeles-Long Beach-Anaheim, CA",3/27/2020
6,37,1302,62201,1,33.901389,-118.205,WGS84,Relative Humidity ,1 HOUR,,11/21/2019,Percent relative humidity,None,23,96,75.956522,90,5,,61,Instrumental - Met One 083D,Compton,700 North Bullis Road,California,Los Angeles,Compton,"Los Angeles-Long Beach-Anaheim, CA",3/27/2020
6,37,1302,62201,1,33.901389,-118.205,WGS84,Relative Humidity ,1 HOUR,,11/22/2019,Percent relative humidity,None,24,100,69.083333,92,3,,61,Instrumental - Met One 083D,Compton,700 North Bullis Road,California,Los Angeles,Compton,"Los Angeles-Long Beach-Anaheim, CA",3/27/2020
6,37,1302,62201,1,33.901389,-118.205,WGS84,Relative Humidity ,1 HOUR,,11/23/2019,Percent relative humidity,None,24,100,54.416667,77,6,,61,Instrumental - Met One 083D,Compton,700 North Bullis Road,California,Los Angeles,Compton,"Los Angeles-Long Beach-Anaheim, CA",3/27/2020
6,37,1302,62201,1,33.901389,-118.205,WGS84,Relative Humidity ,1 HOUR,,11/24/2019,Percent relative humidity,None,24,100,49.625,76,22,,61,Instrumental - Met One 083D,Compton,700 North Bullis Road,California,Los Angeles,Compton,"Los Angeles-Long Beach-Anaheim, CA",3/27/2020
6,37,1302,62201,1,33.901389,-118.205,WGS84,Relative Humidity ,1 HOUR,,11/25/2019,Percent relative humidity,None,24,100,74.375,90,22,,61,Instrumental - Met One 083D,Compton,700 North Bullis Road,California,Los Angeles,Compton,"Los Angeles-Long Beach-Anaheim, CA",3/27/2020
6,37,1302,62201,1,33.901389,-118.205,WGS84,Relative Humidity ,1 HOUR,,11/26/2019,Percent relative humidity,None,24,100,56.25,92,1,,61,Instrumental - Met One 083D,Compton,700 North Bullis Road,California,Los Angeles,Compton,"Los Angeles-Long Beach-Anaheim, CA",3/27/2020
6,37,1302,62201,1,33.901389,-118.205,WGS84,Relative Humidity ,1 HOUR,,11/27/2019,Percent relative humidity,None,24,100,70.875,90,9,,61,Instrumental - Met One 083D,Compton,700 North Bullis Road,California,Los Angeles,Compton,"Los Angeles-Long Beach-Anaheim, CA",3/27/2020
6,37,1302,62201,1,33.901389,-118.205,WGS84,Relative Humidity ,1 HOUR,,11/28/2019,Percent relative humidity,None,24,100,90.5,96,7,,61,Instrumental - Met One 083D,Compton,700 North Bullis Road,California,Los Angeles,Compton,"Los Angeles-Long Beach-Anaheim, CA",3/27/2020
6,37,1302,62201,1,33.901389,-118.205,WGS84,Relative Humidity ,1 HOUR,,11/29/2019,Percent relative humidity,None,24,100,78.375,97,3,,61,Instrumental - Met One 083D,Compton,700 North Bullis Road,California,Los Angeles,Compton,"Los Angeles-Long Beach-Anaheim, CA",3/27/2020
6,37,1302,62201,1,33.901389,-118.205,WGS84,Relative Humidity ,1 HOUR,,11/30/2019,Percent relative humidity,None,24,100,72.875,96,1,,61,Instrumental - Met One 083D,Compton,700 North Bullis Road,California,Los Angeles,Compton,"Los Angeles-Long Beach-Anaheim, CA",3/27/2020
6,37,1302,62201,1,33.901389,-118.205,WGS84,Relative Humidity ,1 HOUR,,12/1/2019,Percent relative humidity,None,24,100,59.541667,76,2,,61,Instrumental - Met One 083D,Compton,700 North Bullis Road,California,Los Angeles,Compton,"Los Angeles-Long Beach-Anaheim, CA",3/27/2020
6,37,1302,62201,1,33.901389,-118.205,WGS84,Relative Humidity ,1 HOUR,,12/2/2019,Percent relative humidity,None,24,100,62.875,87,23,,61,Instrumental - Met One 083D,Compton,700 North Bullis Road,California,Los Angeles,Compton,"Los Angeles-Long Beach-Anaheim, CA",3/27/2020
6,37,1302,62201,1,33.901389,-118.205,WGS84,Relative Humidity ,1 HOUR,,12/3/2019,Percent relative humidity,None,24,100,70,89,0,,61,Instrumental - Met One 083D,Compton,700 North Bullis Road,California,Los Angeles,Compton,"Los Angeles-Long Beach-Anaheim, CA",3/27/2020
6,37,1302,62201,1,33.901389,-118.205,WGS84,Relative Humidity ,1 HOUR,,12/4/2019,Percent relative humidity,None,24,100,91.833333,98,23,,61,Instrumental - Met One 083D,Compton,700 North Bullis Road,California,Los Angeles,Compton,"Los Angeles-Long Beach-Anaheim, CA",3/27/2020
6,37,1302,62201,1,33.901389,-118.205,WGS84,Relative Humidity ,1 HOUR,,12/5/2019,Percent relative humidity,None,24,100,84.041667,99,2,,61,Instrumental - Met One 083D,Compton,700 North Bullis Road,California,Los Angeles,Compton,"Los Angeles-Long Beach-Anaheim, CA",3/27/2020
6,37,1302,62201,1,33.901389,-118.205,WGS84,Relative Humidity ,1 HOUR,,12/6/2019,Percent relative humidity,None,24,100,80.916667,92,23,,61,Instrumental - Met One 083D,Compton,700 North Bullis Road,California,Los Angeles,Compton,"Los Angeles-Long Beach-Anaheim, CA",3/27/2020
6,37,1302,62201,1,33.901389,-118.205,WGS84,Relative Humidity ,1 HOUR,,12/7/2019,Percent relative humidity,None,24,100,85.208333,94,0,,61,Instrumental - Met One 083D,Compton,700 North Bullis Road,California,Los Angeles,Compton,"Los Angeles-Long Beach-Anaheim, CA",3/27/2020
6,37,1302,62201,1,33.901389,-118.205,WGS84,Relative Humidity ,1 HOUR,,12/8/2019,Percent relative humidity,None,24,100,88.916667,98,6,,61,Instrumental - Met One 083D,Compton,700 North Bullis Road,California,Los Angeles,Compton,"Los Angeles-Long Beach-Anaheim, CA",3/27/2020
6,37,1302,62201,1,33.901389,-118.205,WGS84,Relative Humidity ,1 HOUR,,12/9/2019,Percent relative humidity,None,24,100,81.583333,98,8,,61,Instrumental - Met One 083D,Compton,700 North Bullis Road,California,Los Angeles,Compton,"Los Angeles-Long Beach-Anaheim, CA",3/27/2020
6,37,1302,62201,1,33.901389,-118.205,WGS84,Relative Humidity ,1 HOUR,,12/10/2019,Percent relative humidity,None,24,100,81.291667,96,23,,61,Instrumental - Met One 083D,Compton,700 North Bullis Road,California,Los Angeles,Compton,"Los Angeles-Long Beach-Anaheim, CA",3/27/2020
6,37,1302,62201,1,33.901389,-118.205,WGS84,Relative Humidity ,1 HOUR,,12/11/2019,Percent relative humidity,None,24,100,77.458333,97,0,,61,Instrumental - Met One 083D,Compton,700 North Bullis Road,California,Los Angeles,Compton,"Los Angeles-Long Beach-Anaheim, CA",3/27/2020
6,37,1302,62201,1,33.901389,-118.205,WGS84,Relative Humidity ,1 HOUR,,12/12/2019,Percent relative humidity,None,24,100,76.5,96,23,,61,Instrumental - Met One 083D,Compton,700 North Bullis Road,California,Los Angeles,Compton,"Los Angeles-Long Beach-Anaheim, CA",3/27/2020
6,37,1302,62201,1,33.901389,-118.205,WGS84,Relative Humidity ,1 HOUR,,12/13/2019,Percent relative humidity,None,24,100,88.416667,99,4,,61,Instrumental - Met One 083D,Compton,700 North Bullis Road,California,Los Angeles,Compton,"Los Angeles-Long Beach-Anaheim, CA",3/27/2020
6,37,1302,62201,1,33.901389,-118.205,WGS84,Relative Humidity ,1 HOUR,,12/14/2019,Percent relative humidity,None,24,100,85.666667,97,6,,61,Instrumental - Met One 083D,Compton,700 North Bullis Road,California,Los Angeles,Compton,"Los Angeles-Long Beach-Anaheim, CA",3/27/2020
6,37,1302,62201,1,33.901389,-118.205,WGS84,Relative Humidity ,1 HOUR,,12/15/2019,Percent relative humidity,None,24,100,47.416667,94,1,,61,Instrumental - Met One 083D,Compton,700 North Bullis Road,California,Los Angeles,Compton,"Los Angeles-Long Beach-Anaheim, CA",3/27/2020
6,37,1302,62201,1,33.901389,-118.205,WGS84,Relative Humidity ,1 HOUR,,12/16/2019,Percent relative humidity,None,24,100,32.375,59,4,,61,Instrumental - Met One 083D,Compton,700 North Bullis Road,California,Los Angeles,Compton,"Los Angeles-Long Beach-Anaheim, CA",3/27/2020
6,37,1302,62201,1,33.901389,-118.205,WGS84,Relative Humidity ,1 HOUR,,12/17/2019,Percent relative humidity,None,24,100,24.125,47,2,,61,Instrumental - Met One 083D,Compton,700 North Bullis Road,California,Los Angeles,Compton,"Los Angeles-Long Beach-Anaheim, CA",3/27/2020
6,37,1302,62201,1,33.901389,-118.205,WGS84,Relative Humidity ,1 HOUR,,12/18/2019,Percent relative humidity,None,24,100,43.958333,78,23,,61,Instrumental - Met One 083D,Compton,700 North Bullis Road,California,Los Angeles,Compton,"Los Angeles-Long Beach-Anaheim, CA",3/27/2020
6,37,1302,62201,1,33.901389,-118.205,WGS84,Relative Humidity ,1 HOUR,,12/19/2019,Percent relative humidity,None,24,100,48.166667,77,0,,61,Instrumental - Met One 083D,Compton,700 North Bullis Road,California,Los Angeles,Compton,"Los Angeles-Long Beach-Anaheim, CA",3/27/2020
6,37,1302,62201,1,33.901389,-118.205,WGS84,Relative Humidity ,1 HOUR,,12/20/2019,Percent relative humidity,None,24,100,36.5,62,3,,61,Instrumental - Met One 083D,Compton,700 North Bullis Road,California,Los Angeles,Compton,"Los Angeles-Long Beach-Anaheim, CA",3/27/2020
6,37,1302,62201,1,33.901389,-118.205,WGS84,Relative Humidity ,1 HOUR,,12/21/2019,Percent relative humidity,None,24,100,39.458333,57,7,,61,Instrumental - Met One 083D,Compton,700 North Bullis Road,California,Los Angeles,Compton,"Los Angeles-Long Beach-Anaheim, CA",3/27/2020
6,37,1302,62201,1,33.901389,-118.205,WGS84,Relative Humidity ,1 HOUR,,12/22/2019,Percent relative humidity,None,24,100,58.083333,91,23,,61,Instrumental - Met One 083D,Compton,700 North Bullis Road,California,Los Angeles,Compton,"Los Angeles-Long Beach-Anaheim, CA",3/27/2020
6,37,1302,62201,1,33.901389,-118.205,WGS84,Relative Humidity ,1 HOUR,,12/23/2019,Percent relative humidity,None,24,100,86.125,95,22,,61,Instrumental - Met One 083D,Compton,700 North Bullis Road,California,Los Angeles,Compton,"Los Angeles-Long Beach-Anaheim, CA",3/27/2020
6,37,1302,62201,1,33.901389,-118.205,WGS84,Relative Humidity ,1 HOUR,,12/24/2019,Percent relative humidity,None,24,100,78.791667,97,2,,61,Instrumental - Met One 083D,Compton,700 North Bullis Road,California,Los Angeles,Compton,"Los Angeles-Long Beach-Anaheim, CA",3/27/2020
6,37,1302,62201,1,33.901389,-118.205,WGS84,Relative Humidity ,1 HOUR,,12/25/2019,Percent relative humidity,None,24,100,75.75,95,23,,61,Instrumental - Met One 083D,Compton,700 North Bullis Road,California,Los Angeles,Compton,"Los Angeles-Long Beach-Anaheim, CA",3/27/2020
6,37,1302,62201,1,33.901389,-118.205,WGS84,Relative Humidity ,1 HOUR,,12/26/2019,Percent relative humidity,None,24,100,78.916667,94,0,,61,Instrumental - Met One 083D,Compton,700 North Bullis Road,California,Los Angeles,Compton,"Los Angeles-Long Beach-Anaheim, CA",3/27/2020
6,37,1302,62201,1,33.901389,-118.205,WGS84,Relative Humidity ,1 HOUR,,12/27/2019,Percent relative humidity,None,24,100,71.541667,95,4,,61,Instrumental - Met One 083D,Compton,700 North Bullis Road,California,Los Angeles,Compton,"Los Angeles-Long Beach-Anaheim, CA",3/27/2020
6,37,1302,62201,1,33.901389,-118.205,WGS84,Relative Humidity ,1 HOUR,,12/28/2019,Percent relative humidity,None,24,100,75.541667,90,22,,61,Instrumental - Met One 083D,Compton,700 North Bullis Road,California,Los Angeles,Compton,"Los Angeles-Long Beach-Anaheim, CA",3/27/2020
6,37,1302,62201,1,33.901389,-118.205,WGS84,Relative Humidity ,1 HOUR,,12/29/2019,Percent relative humidity,None,24,100,77.625,92,2,,61,Instrumental - Met One 083D,Compton,700 North Bullis Road,California,Los Angeles,Compton,"Los Angeles-Long Beach-Anaheim, CA",3/27/2020
6,37,1302,62201,1,33.901389,-118.205,WGS84,Relative Humidity ,1 HOUR,,12/30/2019,Percent relative humidity,None,24,100,52.666667,86,0,,61,Instrumental - Met One 083D,Compton,700 North Bullis Road,California,Los Angeles,Compton,"Los Angeles-Long Beach-Anaheim, CA",3/27/2020
6,37,1302,62201,1,33.901389,-118.205,WGS84,Relative Humidity ,1 HOUR,,12/31/2019,Percent relative humidity,None,24,100,47.666667,80,6,,61,Instrumental - Met One 083D,Compton,700 North Bullis Road,California,Los Angeles,Compton,"Los Angeles-Long Beach-Anaheim, CA",3/27/2020
